actividad	centro	dni	quien	importe	date	tipo	expediente
MODIFICACION DE SOFTWARE GESTION ALMACEN VESTUARIO	Ayuntamiento de Zaragoza	A50231182	ALERCE INFORMATICA APLICADA S.A.	11116	24/12/2018	Servicios(Menor)	187196-18
OBRAS DE REP. Y ELIMINACION DE CHIMENEA EN ESCALERA DE LA ANTIGUA PORTERIA EN LA CARTUJA BAJA	Ayuntamiento de Zaragoza	B50869577	CONSTRUCCIONES AMADO TERRÉN, S.L	21495	21/12/2018	Obras(Menor)	182617-18
REMODELACION EDIFICIO ALCALDIA EN BARRIO TORRECILLA DE VALMADRID. ZARAGOZA.(Convenio DPZ 17-19)	Ayuntamiento de Zaragoza	B99485013	APB OBRAS Y CONTRUCCIONES, SL	22727	21/12/2018	Obras(Menor)	181619-18
Carril de bicicletas en Avda. Estudiantes	Ayuntamiento de Zaragoza	A50315936	CONSTRUCCIONES IBERCO, S.A.	39486	20/12/2018	Obras(Menor)	183880-18
ADQUISICION DE BOXES PORTATILES PARA PERROS CON FINALIDAD DE CUARENTENA	Ayuntamiento de Zaragoza	Datos de caracter personal	MANUEL VELEZ-BRACHO NARANJO	14883	20/12/2018	Suministros(Menor)	185093-18
Analisis estrategico integral de la gestion y control de la contaminacion acustica en  Zaragoza	Ayuntamiento de Zaragoza	Q5018001G	UNIVERSIDAD DE ZARAGOZA	14875	20/12/2018	Servicios(Menor)	183603-18
SUMINISTRO E INSTALACION DE GIMNASIO EN LA CALLE EN PARQUE PIGNATELLI	Ayuntamiento de Zaragoza	B99355224	AGAPITO URBAN INDUSTRIES, S.L.	9729	19/12/2018	Suministros(Menor)	183095-18
SUMINISTRO DE BANCOS EN EL PARKING SUR DE LA EXPO RASTRO	Ayuntamiento de Zaragoza	A58574526	PARQUES Y JARDINES FABREGAS S.A	14998	19/12/2018	Servicios(Menor)	182311-18
SUMINISTRO E INSTALACION DE PARQUE DE MAYORES EN JARDINES JESUS GRACIA	Ayuntamiento de Zaragoza	B99355224	AGAPITO URBAN INDUSTRIES, S.L.	13012	17/12/2018	Suministros(Menor)	183089-18
PRESTACION DEL SERVICIO DE ANALISIS CLINICOS PARA EL PERSONAL MUNICIPAL	Ayuntamiento de Zaragoza	A78873973	Eurofins Megalab, SAU	10897	17/12/2018	Servicios(Menor)	182555-18
BASE DE DATOS ARANZADI VISION (2018-2019)	Ayuntamiento de Zaragoza	A81962201	EDITORIAL-ARANZADI-SA	3316	17/12/2018	Servicios(Menor)	184946-18
AMPLIACION INSTALACION FOTOVOLTAICA AUTOCONSUMO DE 25 KW EN PDM SIGLO XXI	Ayuntamiento de Zaragoza	B71098982	SOLARFAM INGENIERIA SL	26109	17/12/2018	Obras(Menor)	181990-18
Rampa de acceso al anfiteatro del Parque de Delicias	Ayuntamiento de Zaragoza	B50068634	ARAGONESA DE CONTRATAS S.L	21700	17/12/2018	Obras(Menor)	183207-18
Adquisicion equipos de sistema de alimentacion ininterrumpido SAI	Ayuntamiento de Zaragoza	A50069459	SISTEMAS TECNOLÓGICOS AVANZADOS	8200	14/12/2018	Suministros(Menor)	183536-18
RENOVACION DE ASFALTO EN C/MAYOR DEL Bş LA CARTUJA BAJA ( PRESUPUESTOS PARTICIPATIVOS 2018)	Ayuntamiento de Zaragoza	B50068634	ARAGONESA DE CONTRATAS S.L	15500	13/12/2018	Obras(Menor)	180111-18
INSTALACION DE ESCALERAS EN EL CEMENTERIO DE CASETAS. ( PRESUPUESTOS PARTICIPATIVOS 2018)	Ayuntamiento de Zaragoza	B50165034	MASENA,S.L.	7401	13/12/2018	Suministros(Menor)	183960-18
SUPRESION DE BARRERAS ARQUITECTONICAS EN EL BARRIO DE MOVER( PRESUPUESTOS PARTICIPATIVOS BB.RR)	Ayuntamiento de Zaragoza	B50068634	ARAGONESA DE CONTRATAS S.L	15800	13/12/2018	Obras(Menor)	180601-18
SUSTITUCION DE CARPINTERIA EN ANTIGUASESCUELAS DEL LUGARICO DE CERDAN.PRES.PART.2018	Ayuntamiento de Zaragoza	B99485013	APB OBRAS Y CONTRUCCIONES, SL	10330	13/12/2018	Suministros(Menor)	183954-18
P.P. SUMINISTRO E INSTALACION DEL SISTEMA DE MEGAFONIA EN CENTRO CIVICO TIO JORGE	Ayuntamiento de Zaragoza	A50004829	INDUSTRIA Y MONTAJES ELÉCTRICOS S.A.	9566	13/12/2018	Suministros(Menor)	186394-18
MEGAFONIA EXTERIOR BARRIO DE MONZALBARBA.PRESUPUESTOS PARTICIPATIVOS 2018	Ayuntamiento de Zaragoza	A50004829	INDUSTRIA Y MONTAJES ELÉCTRICOS S.A.	9537	13/12/2018	Suministros(Menor)	184438-18
ADQUISICION DE MATERIAL DE ILUMINACION PARA ZARAGOZA ACTIVA	Ayuntamiento de Zaragoza	B99206112	AUDIO IMPORT PROFESIONAL S.L.	10743	12/12/2018	Suministros(Menor)	182578-18
Adquisicion por sustitucion de una lavadora de mascaras equipos respiratorios.	Ayuntamiento de Zaragoza	A28063485	DRAGER IBERIA	6250	12/12/2018	Suministros(Menor)	180535-18
Servicio de adaptacion de los procesos de indexacion de la sede electronica	Ayuntamiento de Zaragoza	B99344319	HIBERUS TECNOLOGÍAS DE LA INFORMACIÓN S.L.	11980	12/12/2018	Servicios(Menor)	183028-18
EQUIPAMIENTO DE AUTOFABRICACION, AUTOEDICION Y REALIDAD VIRTUAL PARA ZARAGOZA ACTIVA	Ayuntamiento de Zaragoza	B50570571	GRUPO SOLITIUM S.L	14900	12/12/2018	Suministros(Menor)	181257-18
CONSTRUCCION DE JARDINERAS-BANCO DE GAVIONES COMO ELEMENTO MOBILIARIO URBANO, EN PARKING SUR EXPO	Ayuntamiento de Zaragoza	B50101864	EXCAVACIONES GRASA S.L	37744	12/12/2018	Obras(Menor)	183486-18
Obras de acceso al Parque Tio Jorge por c/ Sixto Celorrio	Ayuntamiento de Zaragoza	B50047091	ÁRIDOS Y EXCAVACIONES CARMELO LOBERA, S.L. 	32940	12/12/2018	Obras(Menor)	182723-18
ILUMINACION INSTALACION DEPORTIVA ELEMENTAL PARQUE LA GRANJA (18-062)	Ayuntamiento de Zaragoza	A50004829	INDUSTRIA Y MONTAJES ELÉCTRICOS S.A.	18458	12/12/2018	Obras(Menor)	181097-18
Adquisicion 10 Equipos de Proteccion Respiratoria.	Ayuntamiento de Zaragoza	A28063485	DRAGER IBERIA	14668	12/12/2018	Suministros(Menor)	181077-18
CONTRATO MENOR PARA SUMINISTRO DE ESCENARIO MODULAR DESMONTABLE CON DESTINO AL DISTRITO SUR	Ayuntamiento de Zaragoza	B99300386	MILLAN PRO SERVICIOS PROFESIONALES, S.L.	14780	12/12/2018	Suministros(Menor)	180857-18
CUBRICION DE ALCORQUES EN DISTRITO UNIVERSIDAD	Ayuntamiento de Zaragoza	B99425746	JARA JARDINERIA, OBRAS Y SERVICIOS SL	23000	10/12/2018	Obras(Menor)	183282-18
SUMINISTRO E INSTALACION DE APARATOS DE GIMNASIA PARA MAYORES EN PLAZA SAN FRANCISCO	Ayuntamiento de Zaragoza	B99355224	AGAPITO URBAN INDUSTRIES, S.L.	6690	10/12/2018	Suministros(Menor)	179917-18
SUMINISTRO E INSTALACION DE GIMNASIO EN LA CALLE EN PARQUE GLORIETAS DE GOYA	Ayuntamiento de Zaragoza	B99355224	AGAPITO URBAN INDUSTRIES, S.L.	8332	10/12/2018	Suministros(Menor)	182585-18
SUMINISTRO DE PAPELERA DE  EXTERIOR PARA REPOSICION EN BARRIO DE CASETAS	Ayuntamiento de Zaragoza	B82806738	CONTENUR S.L	12396	10/12/2018	Suministros(Menor)	181779-18
SUMINISTRO E INSTALACION DE PARQUE DE MAYORES EN PARQUE TIO JORGE	Ayuntamiento de Zaragoza	B99355224	AGAPITO URBAN INDUSTRIES, S.L.	13401	05/12/2018	Suministros(Menor)	182794-18
Mejora del Parque de Miraflores, embaldosado de caminos y arreglo de pavimentos.	Ayuntamiento de Zaragoza	B50047091	ÁRIDOS Y EXCAVACIONES CARMELO LOBERA, S.L. 	36500	05/12/2018	Obras(Menor)	183218-18
Sustitucion de Verja Metalica y Repaso de Muro en el Parque del Tio Jorge	Ayuntamiento de Zaragoza	B50047091	ÁRIDOS Y EXCAVACIONES CARMELO LOBERA, S.L. 	17900	05/12/2018	Obras(Menor)	182251-18
Suministro de tres analizadores en continuo de cloro libre mediante amperometria	Ayuntamiento de Zaragoza	A08151623	MATELCO	14190	04/12/2018	Suministros(Menor)	181708-18
Suministro bordillo y baldosa hidraulica.	Ayuntamiento de Zaragoza	B50923309	MOSAICOS-PRIETO-SL	3948	04/12/2018	Suministros(Menor)	178293-18
SUMINISTRO DESFIBRILADORES EQUIPAMIENTO BARRIO SANTA ISABEL ( PRESUPUESTOS PARTICIPATIVOS 2018)	Ayuntamiento de Zaragoza	G99387342	ASOC . CUIDAE	4317	04/12/2018	Suministros(Menor)	171484-18
Reposicion Equipos de comunicacion manos libres para uso de equipos portatiles de radio.	Ayuntamiento de Zaragoza	B33360736	CEOTRONICS S.L	14560	03/12/2018	Suministros(Menor)	181317-18
Obras de ejecucion de pista de patinaje en solar sito en Aldebaran con Orion	Ayuntamiento de Zaragoza	B50047091	ÁRIDOS Y EXCAVACIONES CARMELO LOBERA, S.L. 	26900	03/12/2018	Obras(Menor)	181939-18
ADQUISICION DE EQUIPO ANALIZADOR DE OZONO	Ayuntamiento de Zaragoza	A50069459	SISTEMAS TECNOLÓGICOS AVANZADOS	14700	30/11/2018	Suministros(Menor)	178256-18
Suministro de material audiovisual en la  Casa Consistorial del Ayuntamiento de Zaragoza	Ayuntamiento de Zaragoza	Datos de caracter personal	ALBERTO CASAMIAN GUERRERO	8863	29/11/2018	Suministros(Menor)	179956-18
Adquisicion de 2 Monitores de agua portatil de suelo.	Ayuntamiento de Zaragoza	B91586529	AXATON, S.L	9385	28/11/2018	Suministros(Menor)	179545-18
Adquisicion 2 juegos de cojines elevacion neumatica.	Ayuntamiento de Zaragoza	B85885812	INDUSTRIAL GLOBAL SUPPLY S.L. 	9519	28/11/2018	Suministros(Menor)	179802-18
Obras para plantacion de arboles y colocacion de bancos en Lucien Briet prop. municipal	Ayuntamiento de Zaragoza	B50772219	CONSOLIDA OLIVER S.L.	9484	28/11/2018	Obras(Menor)	181623-18
Adquisicion 2 herramientas hidraulicas de rescate con tecnologia de acoplamiento coaxial plano.	Ayuntamiento de Zaragoza	A36633600	INCIPRESA	9081	28/11/2018	Suministros(Menor)	179786-18
Adquisicion de 1 camara termica y accesorios	Ayuntamiento de Zaragoza	A28063485	DRAGER IBERIA	8875	28/11/2018	Suministros(Menor)	179540-18
SUMINISTRO DE EQUIPOS DE FILTRACION PARA PISCINAS	Ayuntamiento de Zaragoza	B22047252	PRODUCTOS QUIMICOS, S.L.	6548	27/11/2018	Suministros(Menor)	180780-18
Asistencia_Tecnica_NDMP	Ayuntamiento de Zaragoza	B60343076	OMEGA PERIPHERALS	5500	23/11/2018	Servicios(Menor)	177431-18
FORMACION NETAPP	Ayuntamiento de Zaragoza	B66783812	PROSOL	9642	23/11/2018	Servicios(Menor)	179031-18
Martillos hidraulicos retroexcavadora.Bajo nivel sonoro dBA	Ayuntamiento de Zaragoza	B50810258	J.R.A-MAQUINARIA-SL	12300	23/11/2018	Suministros(Menor)	178517-18
Suministro Licencias Soporte Fortiwifi	Ayuntamiento de Zaragoza	A61172219	SAYTEL SERVICIOS INFORMATICOS, S.A.	8656	23/11/2018	Suministros(Menor)	178507-18
AUDITORIA CPD AYUNTAMIENTO. ZARAGOZA	Ayuntamiento de Zaragoza	B84438142	AQUADS TECHNOLOGIES	6200	23/11/2018	Servicios(Menor)	179026-18
Suministro Cortafuegos para Sedes Remotas Municipales	Ayuntamiento de Zaragoza	B83668913	SAYTEL INFORMATICA, S.L.	13810	23/11/2018	Suministros(Menor)	178422-18
ESTUDIO DE MERCADO DE HABITOS DE CONSUMO Y ACEPTACION DE PRODUCTOS ECOLOGICOS Y DE PROXIMIDAD	Ayuntamiento de Zaragoza	B83733089	SIGMADOS ANALISIS E INVESTIGACION S.L.	10500	22/11/2018	Servicios(Menor)	168167-18
Diseno e Implementacion del Serv. de Visualizacion de Informacion ref. a la Movilidad Urbana	Ayuntamiento de Zaragoza	B99144933	GEOSPATIUMLAB S.L.	12500	22/11/2018	Servicios(Menor)	164772-18
ACONDICIONAMIENTO DE CAMINOS MUNICIPALES EN LOS BARRIOS DE  PENAFLOR Y MONTANANA ( ZONA NORESTE)	Ayuntamiento de Zaragoza	B50047091	ÁRIDOS Y EXCAVACIONES CARMELO LOBERA, S.L. 	11590	22/11/2018	Obras(Menor)	177905-18
ACONDICIONAMIENTO DE CAMINOS MUNICIPALESEN LOS BARRIOS DE JUSLIBOL Y SAN GREGORIO(ZONA NORTE	Ayuntamiento de Zaragoza	B50047091	ÁRIDOS Y EXCAVACIONES CARMELO LOBERA, S.L. 	26350	22/11/2018	Obras(Menor)	177902-18
SUMINISTRO DE MONITORES INALAMBRICOS DE 4 GASES PARA EL SERVICIO DE INSTALACIONES DEPORTIVAS	Ayuntamiento de Zaragoza	A50354430	IBERSYSTEM, S.A	13133	22/11/2018	Suministros(Menor)	178966-18
TRONZADORAS PARA  CORTE DE TUBERIAS DE  FUNDICION CON FRENO DE DISCO DE PARE RAPIDO	Ayuntamiento de Zaragoza	A50008838	OVIDIO-RIN-SA	7840	22/11/2018	Suministros(Menor)	178535-18
Suministro Equipos Videovigilancia Seminario	Ayuntamiento de Zaragoza	B50517747	PROYECTOS ESTUDIOS Y PRESUPUESTOS S.L.	14619	22/11/2018	Suministros(Menor)	178424-18
OBRAS DE ACONDICIONAMIENTO DE FACHADA EN TEATRO PRINCIPAL	Ayuntamiento de Zaragoza	A28010478	IMESAPI S.A.	36511	20/11/2018	Obras(Menor)	179539-18
ACONDICIONAMIENTO DE CAMINOS MUNICIPALES EN  GARRAPINILLOS YVENTA DEL OLIVAR (ZONA OESTE )	Ayuntamiento de Zaragoza	B50047091	ÁRIDOS Y EXCAVACIONES CARMELO LOBERA, S.L. 	26350	20/11/2018	Obras(Menor)	177792-18
*ACONDICIONAMIENTO DE CAMINOS MUNICIPALESEN EL BARRIO DE MOVERA(zoNA ESTE)	Ayuntamiento de Zaragoza	B50047091	ÁRIDOS Y EXCAVACIONES CARMELO LOBERA, S.L. 	19740	20/11/2018	Obras(Menor)	177894-18
RESTAURACION DE LOS ARTESONADOS DEL PALACIO DE AYERBE	Ayuntamiento de Zaragoza	B79105706	el barco	16200	20/11/2018	Obras(Menor)	177243-18
ADQUISICION SISTEMA LIMS PARA LA GESTION DE LABORATORIO DEL INSTITUTO MUNICIPAL DE SALUD PUBLICA.	Ayuntamiento de Zaragoza	A50086412	INSTRUMENTACION Y COMPONENTES	14950	19/11/2018	Suministros(Menor)	174419-18
ADQUISICION ORDENADORES PORTATILES	Ayuntamiento de Zaragoza	B50497692	CLD INFORMATICA	8552	19/11/2018	Suministros(Menor)	178684-18
SUMINISTRO EQUIPOS BSR INFRAESTRUCTURA TETRA	Ayuntamiento de Zaragoza	A50035518	TELTRONIC SAU	14938	16/11/2018	Suministros(Menor)	179245-18
MEJORA DE LA EFICIENCIA ENERGETICA Y CONFORT CLIMATIZACION BIBLIOTECA DEL C.C. DE GARRAPINILLOS	Ayuntamiento de Zaragoza	B99250995	TUBEI-SL	39990	14/11/2018	Obras(Menor)	178568-18
Cambio caldera para mejora de la eficiencia energetica en la residencia municipal  Casa de Amparo.	Ayuntamiento de Zaragoza	A50228733	ECHEMAN S.A.	29469	14/11/2018	Obras(Menor)	176075-18
ADQUISICION PLOTER ESCANER	Ayuntamiento de Zaragoza	B82080177	RICOH-ESPANA-SLU	7925	14/11/2018	Suministros(Menor)	174077-18
Acondicionamiento terreno Ps. de los Platanos CRT para uso publico (Presupuestos Participativos)	Ayuntamiento de Zaragoza	B99413361	CESAR AUGUSTA 2020 S.L.	9445	12/11/2018	Obras(Menor)	178701-18
Adecuacion de solares para aparcamiento en Almadieros del Roncal y Selva de Oza	Ayuntamiento de Zaragoza	B99413361	CESAR AUGUSTA 2020 S.L.	28330	12/11/2018	Obras(Menor)	178956-18
PARA LA RENOVACION PARCIAL DE SISTEMA DE VIDEO	Ayuntamiento de Zaragoza	B99206112	AUDIO IMPORT PROFESIONAL S.L.	10525	12/11/2018	Suministros(Menor)	179444-18
MODIFICACION DE PUNTO DE SUMINISTRO DE ENERGIA EN CALLE EMBARCADERO Nş 4 (18-066)	Ayuntamiento de Zaragoza	A50104926	ENRIQUE COCA, S.A.	6451	09/11/2018	Obras(Menor)	179159-18
Adecuacion de solar para uso publico deportivo en Cn. Juslibol, 61	Ayuntamiento de Zaragoza	B99355224	AGAPITO URBAN INDUSTRIES, S.L.	15431	08/11/2018	Obras(Menor)	176906-18
RENOVACION DE BICICLETAS Y CICLOS DE TRES RUEDAS CON DESTINO A EL PARQUE INFANTIL DE TRAF. DE LA PLZ	Ayuntamiento de Zaragoza	A50061985	CICLOS ARAGON S.A.	4759	08/11/2018	Suministros(Menor)	177509-18
Acondicionamiento de una parte del solar sito en Juan Bautista Labana con uso publico y deportivo	Ayuntamiento de Zaragoza	B50047091	ÁRIDOS Y EXCAVACIONES CARMELO LOBERA, S.L. 	28900	08/11/2018	Obras(Menor)	176885-18
Suministro de mortero y cemento, para trabajos de las Brigadas de Conservacion de Infraestructura	Ayuntamiento de Zaragoza	B99443921	MATERIALES DE CONSTRUCCION ESPORRIN SL	3354	07/11/2018	Suministros(Menor)	177676-18
Suministro Puntos Acceso Inalambrico Centro Civicos	Ayuntamiento de Zaragoza	B99125296	SAYTEL SOLUCIONES GLOBALES, S.L.	14463	06/11/2018	Suministros(Menor)	177350-18
DIAGNOSTICO DE SITUACION Y PROPUESTA ACTUACION GESTION INTEGRAL PLAGAS EN EL MUNICIPIO DE ZARAGOZA	Ayuntamiento de Zaragoza	B99057853	QUIMERA BIOLOGICAL SYSTEMS S.L.	12735	06/11/2018	Suministros(Menor)	174265-18
Suministro de medidor multiparametrico para el control del agua suministrada con camiones cisterna.	Ayuntamiento de Zaragoza	B08557761	HACH LANGE SPAIN, S.L.U.	3741	05/11/2018	Suministros(Menor)	176169-18
Suministro EPIS en reparacion tuberias de  fibrocemento.	Ayuntamiento de Zaragoza	B99420143	SERVICIOS AUXILIARES LOGISTICA FERRETERIA S.L.U.	2886	05/11/2018	Suministros(Menor)	175809-18
Contrato Menor Servicios realizacion perforaciones de drenaje en Sepulturas Cementerio  de Torrero.	Ayuntamiento de Zaragoza	A50077338	LABORATORIO DE ENSAYOS TECNICOS S.A	8016	30/10/2018	Servicios(Menor)	171616-18
MEMORIA VALORADA OBRAS DE MEJORA DE LA SALA VENECIA	Ayuntamiento de Zaragoza	B99464182	APLICACIONES Y DESARROLLOS INTEGRALES MARCO, S.L.	12897	30/10/2018	Obras(Menor)	174471-18
SUMINISTRO DE PISTA DESMONTABLE A3 PARA REPOSICION PARCIAL DE LA YA EXISTENTE EN EL CDM SIGLO XXI	Ayuntamiento de Zaragoza	B61106308	PL Sports, S.L.	14980	29/10/2018	Suministros(Menor)	176599-18
ACONDICIONAMIENTO DE ACCESOS Y DESLINDE DE PARCELAS EN EL PARQUE AGROECOLOGICO VIVERO DE MOVERA	Ayuntamiento de Zaragoza	B99265282	PLANTAE ARAGON S.L.	24700	26/10/2018	Obras(Menor)	170322-18
RESTAURACION DE 4 LOTES DE MONEDAS PROCEDENTES DE EXCAVACIONES ARQUEOLOGICAS MUNICIPALES EN ZARAGOZA	Ayuntamiento de Zaragoza	B99512824	BALDER SERVICIOS PROFESIONALES, S.L.	14200	26/10/2018	Servicios(Menor)	170901-18
OBRAS DE ACONDICIONAMIENTO DE LA RECEPCION DE LA BIBLIOTECA MARIA MOLINER	Ayuntamiento de Zaragoza	B99383127	PUBLIC SERVICE ENTERPRISE, S.L.	36825	25/10/2018	Obras(Menor)	176036-18
Realizacion de un Proceso de Aportaciones al Documento Inicial de la ECAZ 3.0	Ayuntamiento de Zaragoza	F22302400	ATELIER DE IDEAS S.COOP,	8874	25/10/2018	Servicios(Menor)	174279-18
DESARROLLO E IMPLANTACION DE LA APLICACION INFORMATICA CAPAZ PARA EL ARCHIVO MUNICIPAL	Ayuntamiento de Zaragoza	B99183832	KEENSOFT SOFTWARE,S.L	14999	25/10/2018	Servicios(Menor)	174789-18
gestion de servicios conama	Ayuntamiento de Zaragoza	G82573577	FUNDACIÓN CONAMA	8264	23/10/2018	Servicios(Menor)	176800-18
Suministro de 4 bombas dosificadoras helicoidades de 0,18 kw	Ayuntamiento de Zaragoza	A50024181	ADIEGO-HERMANOS-SA	2850	23/10/2018	Suministros(Menor)	174826-18
ACONDICIONAMIENTO INSTALACION DEPORTIVA ELEMENTAL TORRECILLA DE VALMADRID, ZARAGOZA.	Ayuntamiento de Zaragoza	B99376220	SPORT OCIO PLUS,S.L.	16052	22/10/2018	Obras(Menor)	168526-18
Suministro de sondas de turbidez de rango alto para la planta potabilizadora.	Ayuntamiento de Zaragoza	B62496740	CAMPBELL SCIENTIFIC SPAIN, S.L.	14936	22/10/2018	Suministros(Menor)	174841-18
SUMINISTRO VARIADORES DE VELOCIDAD Y  ARMARIO PARA ADECUACION DE DOSIFICACION ALMIDON	Ayuntamiento de Zaragoza	A48116404	COMERCIAL HISPANOFIL,S.A.U.	4692	22/10/2018	Suministros(Menor)	174405-18
Obras para realizar arreglos en solares (S.J.Pena, 80, Manresa, 1 P. Garces M.P.Scho.)	Ayuntamiento de Zaragoza	B50047091	ÁRIDOS Y EXCAVACIONES CARMELO LOBERA, S.L. 	12600	22/10/2018	Obras(Menor)	173726-18
SUMINISTRO DE PAVIMENTO DE CAUCHO PARA REPOSICION EN DISTINTAS ZONAS INFANTILES DE ZARAGOZA	Ayuntamiento de Zaragoza	B36495604	GALITEC DESARROLLOS TECNOLOGICOS	14999	22/10/2018	Suministros(Menor)	166583-18
ACONDICIONAMIENTO INSTALACION DEPORTIVA ELEMENTAL LA CARTUJA, ZARAGOZA.	Ayuntamiento de Zaragoza	B99376220	SPORT OCIO PLUS,S.L.	33696	22/10/2018	Obras(Menor)	168500-18
Sistema de sonorizacion del salon de recepciones del Ayuntamiento de Zaragoza	Ayuntamiento de Zaragoza	B50566439	INGENIER-Y-TELEC-ADDI-TELECOM-SL	11175	19/10/2018	Suministros(Menor)	173300-18
DISENO, FABRICACION, TRASLADO Y MONTAJE DE ESTRUCTURA METALICA MODULAR EN MUSEO DEL FORO	Ayuntamiento de Zaragoza	B50806942	METALISTERIA MAV ZARAGOZA S.L.	7000	18/10/2018	Servicios(Menor)	172387-18
Suministro tarjetas criptograficas	Ayuntamiento de Zaragoza	Q2826004J	REAL CASA DE LA MONEDA. FNMT	14965	17/10/2018	Suministros(Menor)	166090-18
ADQUISICION CALIBRADOR MULTIPRODUCTO	Ayuntamiento de Zaragoza	B82605445	MEGACAL INSTRUMENTS IBERICA S.L. 	13744	16/10/2018	Suministros(Menor)	159263-18
ADQUISICION GENERADOR DE IMPULSOS 1,2/50 µS	Ayuntamiento de Zaragoza	A50086412	INSTRUMENTACION Y COMPONENTES	11030	16/10/2018	Suministros(Menor)	159270-18
ADQUISICION BOLETINES DE DENUNCIA PARA POLICIA LOCAL	Ayuntamiento de Zaragoza	A20524310	IMPRESIONES TRANSKRIT S.A. 	10366	15/10/2018	Suministros(Menor)	173289-18
CONTRATO MENOR CURSO MANTENIMIENTO DE INST. RIESGO TRANSMISION LEGIONELLA. RECICLAJE. 4 EDICIONES	Ayuntamiento de Zaragoza	B99226284	AQQUA TRATAMIETNO INDUSTRIAL Y SANITARIO DEL AGUA,	4000	15/10/2018	Servicios(Menor)	173263-18
SERVICIO DE ASISTENCIA TECNICA PARA CINCO ESTUDIOS GEOTECNICOS EN BARRIOS RURALES DE ZARAGOZA	Ayuntamiento de Zaragoza	A50361179	CONTROL 7 S.A.U.	8185	10/10/2018	Servicios(Menor)	168545-18
Adquisicion y colocacion detectores humos, mayores 65 anos, con recursos escasos.	Ayuntamiento de Zaragoza	B50110956	FIREX-SL	14775	09/10/2018	Servicios(Menor)	161215-18
APLICACION INFORMATICA GESTION DE TOMA DE MUESTRAS PARA EL INSTITUTO MPAL DE SALUD PUBLICA. ZARAGOZA	Ayuntamiento de Zaragoza	A50086412	INSTRUMENTACION Y COMPONENTES	13900	09/10/2018	Suministros(Menor)	171355-18
SUMINISTRO  DE MATERIAL INFORMATICO PARA CASAS DE JUVENTUD	Ayuntamiento de Zaragoza	B50497692	CLD INFORMATICA	7187	08/10/2018	Suministros(Menor)	169798-18
Contrato Menor de Servicios de Redaccion de Proyectos en diferentes barrios rurales de Zaragoza	Ayuntamiento de Zaragoza	A50028935	SERS CONSULTORES EN INGENIERIA Y ARQUITECTURA SAU	8628	05/10/2018	Servicios(Menor)	172000-18
SUMINISTRO DE UN APILADOR DE ELEVACION Y TRASLACION ELECTRICA PARA EL SERV. DE INST. DEPORTIVAS	Ayuntamiento de Zaragoza	A50047646	FERRETERÍA ARIES S.A.	5670	04/10/2018	Suministros(Menor)	172545-18
REDACCION PROYECTO DE EJECUCION DE EDIFICACION DE UN AULA POLIVALENTE EN EL CP PEDRO OROS (MOVERA)	Ayuntamiento de Zaragoza	Datos de caracter personal	SERGIO LOUZAN SAAVEDRA	7000	02/10/2018	Servicios(Menor)	167231-18
SUMINISTRO DE 6 DESFIBRILADORES SEMIAUTOMATICOS (DESA) Y SUS FUNGIBLES (ELECTRODOS Y BATERIAS)	Ayuntamiento de Zaragoza	A28907905	STAG SA	5340	02/10/2018	Suministros(Menor)	166855-18
SERVICIOS DE DIGITALIZACION  COPIAS DE ACUERDOS Y RESOLUCIONES DE LA GERENCIA MNPAL. DE URBANISMO	Ayuntamiento de Zaragoza	B99446049	SESE-INTEGRA-NORTE-SL	9235	28/09/2018	Servicios(Menor)	167943-18
Afluencia y perfiles de usuarios del  Recinto Ferial de Valdespartera en el Pilar 2018	Ayuntamiento de Zaragoza	B73816589	HOP IBIQUITOUS S.L.	7538	27/09/2018	Servicios(Menor)	172115-18
SUMINISTRO E INSTALACION DE 82 MOSQUITERAS FIJAS PARA LAS VENTANAS DEL ALBERGUE MUNICIPAL.	Ayuntamiento de Zaragoza	Datos de caracter personal	JOSE-MANUEL VERA MEDIANO	11702	26/09/2018	Suministros(Menor)	171904-18
EVOLUCION PLATAFORMA CARTOGRAFICA DE LA GESTION DE PATRIMONIO MUNICIPAL DE SUELO	Ayuntamiento de Zaragoza	B50598895	SGV SOFTWARE GRUPO V	12750	26/09/2018	Servicios(Menor)	171229-18
SERVICIO DE VIDEOINTERPRETACION MEDIANTE LENGUAJE DE SIGNOS	Ayuntamiento de Zaragoza	G50078823	AGRUP-SORDOS-ZARAGOZA	4192	20/09/2018	Servicios(Menor)	172380-18
CURSO DE CONDUCCION SEGURA DE MOTOCICLETAS CON DESTINO A POLICIA LOCAL DE ZARAGOZA	Ayuntamiento de Zaragoza	B50075845	AUTO-ESCUELA CATALUŃA S.L.	13900	18/09/2018	Servicios(Menor)	171427-18
ACONDICIONAMIENTO DE CAMINOS MUNICIPALESEN LOS BARRIOS DE ALFOCEA Y MONZALBARBA(RIBERA DEL EBRO	Ayuntamiento de Zaragoza	B50047091	ÁRIDOS Y EXCAVACIONES CARMELO LOBERA, S.L. 	24910	17/09/2018	Obras(Menor)	177838-18
Mejora de interconexion de la Estacion intermodal Delicias de Zaragoza y la linea 2 de tranvia	Ayuntamiento de Zaragoza	A48283964	IDOM INGENIERÍA Y CONSULTORIA SAU	11193	17/09/2018	Servicios(Menor)	159275-18
Diseno e implementacion de la Gestion On line del Banco de Actividades para Jovenes	Ayuntamiento de Zaragoza	B99144933	GEOSPATIUMLAB S.L.	8400	17/09/2018	Servicios(Menor)	169476-18
CAPTURA, RECOGIDA Y TRASLADO DE ANIMALES DE COMPANIA ABANDONADOS O PERDIDOS EN ZARAGOZA 24H AL DIA	Ayuntamiento de Zaragoza	Datos de caracter personal	SUSANA DEL RÍO SANZ	14876	17/09/2018	Servicios(Menor)	157537-18
Servicio de Maquetacion HTML5 de la Sede Electronica	Ayuntamiento de Zaragoza	B99447724	INDEX DESARROLLO WEB SLL	12000	14/09/2018	Servicios(Menor)	161540-18
ELABORACION DE LA ESTRATEGIA ALIMENTACION SALUDABLE Y SOSTENIBLE DE ZARAGOZA	Ayuntamiento de Zaragoza	G34258475	FUNDACION ENTRETANTOS	14200	11/09/2018	Servicios(Menor)	163961-18
Gestion Mesas Contratacion	Ayuntamiento de Zaragoza	B50658046	IA SOFT ARAGÓN S.L.	14581	10/09/2018	Servicios(Menor)	167846-18
Adecuacion y adaptacion de vehiculo para puesto de mando sanitario	Ayuntamiento de Zaragoza	B50079557	LEXTON, SDAD. LTDA.	7020	10/09/2018	Suministros(Menor)	174093-18
CONTRATO MENOR DE OBRAS DE PERFORACION Y ACCESO OPERATIVO DE LLAVES	Ayuntamiento de Zaragoza	A50315936	CONSTRUCCIONES IBERCO, S.A.	32624	10/09/2018	Obras(Menor)	169871-18
Renovacion de material musical existente Casas de Juventud	Ayuntamiento de Zaragoza	B99478349	MUSICOPOLIX	5180	05/09/2018	Suministros(Menor)	166017-18
OBRA DE REMODELACION DE LA PLANTA POTABILIZADORA DEL BARRIO DE VILLARRAPA	Ayuntamiento de Zaragoza	A50024181	ADIEGO-HERMANOS-SA	26369	05/09/2018	Obras(Menor)	165854-18
RESTAURACION DEL LEON DEL MONUMENTO A ALFONSO I EL BATALLADOR	Ayuntamiento de Zaragoza	Datos de caracter personal	FRANCISCO TORRES AZNAR.FUNDICION TORRES	6400	05/09/2018	Servicios(Menor)	164627-18
TRABAJOS PREVIOS-ACONDICIONAMIENTO CELDA DEL PRIOR EN LA CARTUJA	Ayuntamiento de Zaragoza	B99383127	PUBLIC SERVICE ENTERPRISE, S.L.	32500	03/09/2018	Obras(Menor)	162022-18
Renovacion y mantenimiento de equipos audiovisuales	Ayuntamiento de Zaragoza	Datos de caracter personal	ALBERTO CASAMIAN GUERRERO	10432	20/08/2018	Suministros(Menor)	165219-18
Colocacion de Malla de Proteccion del Monte en   |uslibol (Zaragoza) CONVENIO DPZ 17-19	Ayuntamiento de Zaragoza	B50475607	CASALÉ GESTION DE RESIDUOS S.L.	15287	13/08/2018	Obras(Menor)	164936-18
FOMENTO DE LA PROTECCION ANIMAL, ADOPCION Y ACOGIMIENTO DE LOS ANIMALES DE COMPANIA	Ayuntamiento de Zaragoza	Datos de caracter personal	JOSE LUIS ZABORRAS LAFUENTE	15000	10/08/2018	Servicios(Menor)	157555-18
Curso Tecnicas de Rescate en Aguas Bravas	Ayuntamiento de Zaragoza	B99098840	UR RANFTING SLL	8018	08/08/2018	Servicios(Menor)	158326-18
CERRAMIENTO METALICO  EN EL PARQUE AGROECOLOGICO żVIVERO DE MOVERAż	Ayuntamiento de Zaragoza	B99419442	OBRAS Y PROYECTOS SANCOR S.L	7749	07/08/2018	Obras(Menor)	156781-18
CURSO FORMACION PARA EL EMPLEO CERTIFICADO PROFESIONALIDAD LIMPIEZA SUPERFICIES Y MOBILIARIO	Ayuntamiento de Zaragoza	B22183370	ARQUISOCIAL, S.L.	10300	06/08/2018	Servicios(Menor)	164794-18
Colocacion juegos infantiles en solar sito en Cn. del Pilon con Antonio Layus	Ayuntamiento de Zaragoza	B99355224	AGAPITO URBAN INDUSTRIES, S.L.	22350	02/08/2018	Obras(Menor)	161837-18
CONTRATO MENOR DE SERVICIOS PARA LA ADECUACION DE UNA BALSA DE ANFIBIOS EN EL MONTE DE TORRERO	Ayuntamiento de Zaragoza	B99322679	INGENIERÍA Y TÉCNICAS GLOBALES DE RESOLUCIÓN AMBIENTAL S.L.U (INTEGRA AMBIENTAL)	8240	01/08/2018	Servicios(Menor)	153092-18
PACK EL DERECHO ADMINISTRACION PUBLICA MEMENTOS.	Ayuntamiento de Zaragoza	A79216651	LEFEBVRE EL DERECHO	3109	25/07/2018	Servicios(Menor)	161422-18
CURSO CONDUCCION VEHICULOS 4x4 LIGEROS	Ayuntamiento de Zaragoza	Datos de caracter personal	FRANCISCO-JAVIER VICENTE YUBERO	6534	19/07/2018	Servicios(Menor)	149511-18
CURSO DE MANEJO DE VEHICULOS 4X4 PESADOS (CAMION) EN SITUACIONES ADVERSAS	Ayuntamiento de Zaragoza	Datos de caracter personal	FRANCISCO-JAVIER VICENTE YUBERO	4320	19/07/2018	Servicios(Menor)	149607-18
Instalacion del software Oracle Weblogic y Oracle Forms and Reports	Ayuntamiento de Zaragoza	A80125065	META4	4200	17/07/2018	Servicios(Menor)	159522-18
MEJORAS ACCESIBILIDAD EN ASEOS PABELLON NO-JUNTA MUNICIPAL UNIVERSIDAD (17-031) P-5	Ayuntamiento de Zaragoza	B50534189	PROMOCIONES URBANAS MAMBLAS, S.L.	19018	17/07/2018	Obras(Menor)	146607-18
SUMINISTRO DE DOS ELEVADORES DE BATERIA TRANSPORTABLES PARA EL SERVICIO DE INSTALACIONES DEPORTIVAS	Ayuntamiento de Zaragoza	A50024181	ADIEGO-HERMANOS-SA	10827	17/07/2018	Suministros(Menor)	162003-18
REPOSICION DE 20 PC'S CON DESTINO A LAS TAQUILLAS DE VENTA DE LOS CENT. DEPOR. MUNICIPALES	Ayuntamiento de Zaragoza	B50497692	CLD INFORMATICA	14300	16/07/2018	Suministros(Menor)	162650-18
Adecuacion de terreno para aparcamiento y uso publico en Muel con Av.Pte. del Pilar	Ayuntamiento de Zaragoza	B99413361	CESAR AUGUSTA 2020 S.L.	31987	16/07/2018	Obras(Menor)	162129-18
SUMINISTRO DE REJILLAS PARA CANALES PERIMETRALES DE PISCINAS DEL S. DE  INSTALACIONES DEPORTIVAS	Ayuntamiento de Zaragoza	A19002039	QUIMICA DEL CENTRO, S.A.U.	8305	12/07/2018	Suministros(Menor)	160437-18
REMODELACION DE SOLERA EN COLEGIO PUBLICO HERMANOS ARGENSOLA EN BARRIO MONTANANA 18-003	Ayuntamiento de Zaragoza	B50047091	ÁRIDOS Y EXCAVACIONES CARMELO LOBERA, S.L. 	34743	12/07/2018	Obras(Menor)	158180-18
REPARACIONES EN LA CUBIERTA DEL ANTIGUO CUARTEL DE PONTONEROS	Ayuntamiento de Zaragoza	B50869577	CONSTRUCCIONES AMADO TERRÉN, S.L	14661	11/07/2018	Obras(Menor)	159162-18
SUMINISTRO SERVIDOR RHSP	Ayuntamiento de Zaragoza	B50828649	DATEK SISTEMAS, S.L.	7634	11/07/2018	Suministros(Menor)	161305-18
CARACTERIZACION CAMARAS DE VALVULAS RED ABASTECIMIENTO A EFECTOS DE PREVENCION DE RIESGOS LABORALES	Ayuntamiento de Zaragoza	B50884899	INGENIERÍA Y GESTIÓN ARAGÓN, S.L.	9800	11/07/2018	Servicios(Menor)	161307-18
Curso de Apertura de Puertas ( NIvel Basico)	Ayuntamiento de Zaragoza	A36715217	SEGANOSA	4859	06/07/2018	Servicios(Menor)	152114-18
Curso de Perfeccionamiento Apertura de Puertas (Nivel Avanzado)	Ayuntamiento de Zaragoza	A36715217	SEGANOSA	8570	06/07/2018	Servicios(Menor)	152124-18
ENCUESTA SATISFACCION 2018 DE LOS SERVICIOS MUNICIPALES DE LA CIUDAD DE ZARAGOZA	Ayuntamiento de Zaragoza	G99118598	FUNDACION-DFA	14999	05/07/2018	Servicios(Menor)	154789-18
CONTRATACION DE SISTEMAS DE GESTION DE ESPERA DE CLIENTES PARA LA O.R.C.	Ayuntamiento de Zaragoza	B18865253	ATISOLUCIONES DISENO DE SISTEMAS ELECTRONICOS SL	0	05/07/2018	Suministros(Menor)	155614-18
Servicio de Adaptacion al Reglamento de Proteccion de Datos	Ayuntamiento de Zaragoza	B50658046	IA SOFT ARAGÓN S.L.	9377	04/07/2018	Servicios(Menor)	162876-18
Curso de Avance y Sostenimiento en Terrenos Colapsados	Ayuntamiento de Zaragoza	G24210981	FUNDACIÓN SANTA BÁRBARA	12190	04/07/2018	Servicios(Menor)	152107-18
CONTRATO MENOR SERVICIOS PARA PROYECTO EXPOSITIVO PASAJERO EN ETOPIA	Ayuntamiento de Zaragoza	Datos de caracter personal	NESTOR  LIZALDE MOLINAS	14000	03/07/2018	Servicios(Menor)	157084-18
INSTALACION ALUMBRADO PUBLICO Cş CEMENTERIO Y PISTA DEPORTIVA . Bş  ALFOCEA  ( CONVENIO DPZ 17-19)	Ayuntamiento de Zaragoza	A50104926	ENRIQUE COCA, S.A.	18627	03/07/2018	Obras(Menor)	164937-18
SUSCRIPCION A LA PLATAFORMA ELSECTORPUBLICO.ES	Ayuntamiento de Zaragoza	A81062820	CONSULTORES DE LAS ADMINISTRACIONES PUBLICAS S.A.	6000	02/07/2018	Servicios(Menor)	161399-18
CONTRATO MENOR DE SERVICIOS PARA REPARACION DE DEPOSITO DE AGUA EN EL MONTE PLANA DE ZARAGOZA	Ayuntamiento de Zaragoza	B50648187	DEMS-IHF SL	9606	29/06/2018	Servicios(Menor)	157325-18
CONTRATO MENOR CURSO FORMACION PARA LA IGUALDAD (30 EDICIONES)	Ayuntamiento de Zaragoza	J50763457	INTELECTO CONS. PROY.	7500	29/06/2018	Servicios(Menor)	156630-18
CURSO PREVENCION EN TRABAJOS CON RIESGO DE EXPOSICION AL AMIANTO (2 EDICIONES)	Ayuntamiento de Zaragoza	G80468416	FUNDACION-LABORAL-CONSTRUCCION	3600	29/06/2018	Servicios(Menor)	157446-18
Contrato menor del curso Manipulacion de productos fitosanitarios. Nivel basico	Ayuntamiento de Zaragoza	G50734979	FUNDACIÓN SAN VALERO	4250	29/06/2018	Servicios(Menor)	160745-18
CURSO DE LOCALIZACION DE PERSONAS EN  EDIFICIOS , PARA MIEMBROS DE LAS UNIDADES CANINAS.	Ayuntamiento de Zaragoza	Datos de caracter personal	Miguel  de Prado Garcia	7272	28/06/2018	Servicios(Menor)	149703-18
Adecuacion de solar para huertos urbanos en calle Nicanor Villalta, 4	Ayuntamiento de Zaragoza	B50772219	CONSOLIDA OLIVER S.L.	14932	26/06/2018	Obras(Menor)	159244-18
PROCESO DE ELABORACION ESTRATEGIA ALIMENTACION SALUDABLE Y SOSTENIBLE DE ZARAGOZA	Ayuntamiento de Zaragoza	G34258475	FUNDACION ENTRETANTOS	0	26/06/2018	Servicios(Menor)	154800-18
CURSO DE  ADIESTRAMIENTO DE PERROS EN MEDIOS ACUATICOS	Ayuntamiento de Zaragoza	Datos de caracter personal	Moinica Diaz Trias	9700	25/06/2018	Servicios(Menor)	149834-18
PROYECTO INFRAESTRUCTURA VERDE EN MILLA DIGITAL Y REST. ECOLOGICA APARCAMIENTO SUR EXPO.PDIVZ	Ayuntamiento de Zaragoza	A50028935	SERS CONSULTORES EN INGENIERIA Y ARQUITECTURA SAU	7425	22/06/2018	Servicios(Menor)	157105-18
EFICIENCIA ENERGETICA SUSTITUCION LUMINARIAS PDM LA GRANJA	Ayuntamiento de Zaragoza	B50564459	ELECTRICIDAD SIERRA GREGORIO SL	31022	22/06/2018	Obras(Menor)	155910-18
Ejecucion de trabajos de batimetria en el rio Ebro. Tramo urbano de Zaragoza.	Ayuntamiento de Zaragoza	B45646890	TECMARIN 1990 S.L.	6300	22/06/2018	Servicios(Menor)	151384-18
Acondicionamiento de terreno para uso publico en calle Jesus num. 2	Ayuntamiento de Zaragoza	B50561778	INGENIERÍA Y OBRAS ARAGONESAS DEL EBRO S.L.	34593	21/06/2018	Obras(Menor)	155294-18
SERVICIOS PARA USOS DEPORTIVOS EN PATIO COLEGIO EN SAN JUAN DE MOZARRIFAR (CONVENIO DPZ 2017-19)	Ayuntamiento de Zaragoza	B99485013	APB OBRAS Y CONTRUCCIONES, SL	14793	20/06/2018	Obras(Menor)	158626-18
CURSO DE INCENDIO EN TUNELES Y GALERIAS	Ayuntamiento de Zaragoza	G24210981	FUNDACIÓN SANTA BÁRBARA	14480	20/06/2018	Servicios(Menor)	149992-18
SERVICIO DE RETIRADA Y ELIMINACION DE PAPEL Y CARTON EN EL AYUNTAMIENTO DE ZARAGOZA	Ayuntamiento de Zaragoza	B50583004	SERVICIOS-URBANOS-DE-LIMPIEZA-Y-	5928	19/06/2018	Servicios(Menor)	153520-18
CONTRATO MENOR SERVICIOS PARA LA INTEG. DE LA NUEVA TARJETA LAZO EN PARQUIMETROS REG. DE SUPERFICIE	Ayuntamiento de Zaragoza	U99292393	Z+M-UTE	9780	18/06/2018	Servicios(Menor)	157061-18
Renovacion de la carpinteria de aluminio en el edificio siniestros de Parque 1	Ayuntamiento de Zaragoza	Datos de caracter personal	MARCOS SANCHO ARELLANO	11371	13/06/2018	Suministros(Menor)	157071-18
ADQUISICION DE UN AUTOCLAVE PARA EL LABORATORIO DE MICROBIOLOGIA DEL I.M.S.P.	Ayuntamiento de Zaragoza	J99346991	INSTRULAB S.C.	11640	12/06/2018	Suministros(Menor)	149972-18
ESCANERES PARA REGISTRO GENERAL	Ayuntamiento de Zaragoza	B29361896	VASCO INFORMATICA	9864	11/06/2018	Suministros(Menor)	158472-18
RENOVACION DE LICENCIAS DE AUTODESK	Ayuntamiento de Zaragoza	B86798949	NKE CAD SYSTEMS S.L.	9488	11/06/2018	Suministros(Menor)	156689-18
CM Plataforma de Hacienda Local y Observatorio Economico de Capitales	Ayuntamiento de Zaragoza	A50878842	AULOCE, S.A	17133	08/06/2018	Servicios(Menor)	156889-18
LIMPIEZA DE CHENILES E INSTALACIONES DEL CENTRO MUNICIPAL DE PROTECCION ANIMAL	Ayuntamiento de Zaragoza	Datos de caracter personal	JOSE LUIS ZABORRAS LAFUENTE	17000	31/05/2018	Servicios(Menor)	147116-18
PROYECTO INFRAESTRUCTURA VERDE RIO HUERVA TRAMO SOPESENS - CONECTIVIDAD PUENTE 13 SEPT. PDIVZ	Ayuntamiento de Zaragoza	A50028935	SERS CONSULTORES EN INGENIERIA Y ARQUITECTURA SAU	7599	30/05/2018	Servicios(Menor)	154236-18
SERVICIO DE ASISTENCIA TECNICA PARA ESTUDIO GEOTECNICO EN PALACIO FUENCLARA (ZARAGOZA)	Ayuntamiento de Zaragoza	A50077338	LABORATORIO DE ENSAYOS TECNICOS S.A	5197	30/05/2018	Servicios(Menor)	153792-18
MEDIDAS DE SEGURIDAD EN EDIFICIO STA. OROSIA (ANTIGUA E.I. EL TREN)	Ayuntamiento de Zaragoza	B50799014	INSERCIÓN Y TRABAJO S.L.	11187	30/05/2018	Obras(Menor)	152186-18
ADQUISICION DETECTOR AMPEROMETRICO DE PULSOS, PARA ACOPLAR AL CROMATOGRAFO METROHM IC-850 DEL IMSP	Ayuntamiento de Zaragoza	A28060283	GOMENSORO INSTRUMENTACIÓN CIENTÍFICA	12933	29/05/2018	Suministros(Menor)	154449-18
ADQUISICION DE 20 TABLETS CON DESTINO A LA POLICIA LOCAL DE ZARAGOZA.	Ayuntamiento de Zaragoza	B50764018	COMPUTER ZARAGOZA S.L.	5830	27/05/2018	Suministros(Menor)	184334-18
INFORME RESISTENCIA ESTRUCTURAL Y EJECUCION MEDIDAS REFUERZO TEMPORAL TECHO SOTANO IMPRENTA BLASCO	Ayuntamiento de Zaragoza	B99223216	ESTRUCTURAS-Y-CONTRATAS-EN-TRABA	13490	18/05/2018	Servicios(Menor)	150274-18
Contrato Me. Servicios: Asiste/tecn. para redaccion del proyecto Apertura de C/ Hayedo (Zaragoza)	Ayuntamiento de Zaragoza	A50028935	SERS CONSULTORES EN INGENIERIA Y ARQUITECTURA SAU	4543	18/05/2018	Servicios(Menor)	151331-18
MANTENIMIENTO DE LA APLICACION DE GESTION DEL TAXI ACCESIBLE	Ayuntamiento de Zaragoza	B22330039	Zeumat Zitycard	6000	18/05/2018	Servicios(Menor)	151401-18
Asistencia tecnica para la redaccion proyecto: Mejora y renovacion C/ Santiago Lapuente (Zaragoza)	Ayuntamiento de Zaragoza	A50028935	SERS CONSULTORES EN INGENIERIA Y ARQUITECTURA SAU	3218	18/05/2018	Servicios(Menor)	151378-18
CURSO MODELIZACION DE REDES URBANAS DE ABASTECIMIENTO DE AGUA CON EPANET	Ayuntamiento de Zaragoza	Q4618002B	UNIVERSITAT POLITECNICA DE VALENCIA (ITA)	4950	17/05/2018	Servicios(Menor)	153335-18
ADQUISICION 100 MONITORES PARA ADMON. ELECTRONICA	Ayuntamiento de Zaragoza	B23639248	UNIVERTIA SL	11451	15/05/2018	Suministros(Menor)	153685-18
REDACCION del PROYECTO de żVARIANTE SOTERRADA de LAAT de 10 Kv y 45 kV en el SECTOR SUZ 88/1ż	Ayuntamiento de Zaragoza	B50190867	PRODIA INGENIERIA	8620	14/05/2018	Servicios(Menor)	147872-18
SUMINISTRO DE REJILLAS PARA REBOSADEROS DE PISCINAS DEL SERVICIO DE INSTALACIONES DEPORTIVAS	Ayuntamiento de Zaragoza	A19002039	QUIMICA DEL CENTRO, S.A.U.	6692	04/05/2018	Suministros(Menor)	153340-18
ELEMENTOS AUXILIARES PARA EL DESARROLLO SESIONES PLENARIAS 2018.	Ayuntamiento de Zaragoza	B99386450	LA ESQUINITA DEL CICLON, S.L.	6640	03/05/2018	Servicios(Menor)	148448-18
GUARDERIA PARA PERROS POTENCIALMENTE PELIGROSOS E INTERVENCIONES DE CUERPOS Y FUERZAS DE SEGURIDAD	Ayuntamiento de Zaragoza	Datos de caracter personal	SUSANA DEL RÍO SANZ	17990	02/05/2018	Servicios(Menor)	147547-18
CM SERVICIOS PROYECTO INFRAES. VERDE EN MILLA DIGITAL Y REST. ECOLOGICA APARCAMIENTO SUR EXPO. PDIVZ	Ayuntamiento de Zaragoza	B99450777	EXTREMERA LED ASOCIADOS SLU	12445	27/04/2018	Servicios(Menor)	146635-18
Instalacion de aparatos de gimnasia en terreno sito en S.Chomon-A.Aznar	Ayuntamiento de Zaragoza	B50037407	DERRIBOS SALVADOR S.L.	8974	25/04/2018	Obras(Menor)	146104-18
Reparacion y pintura del pavimento de  la nave de vehiculos	Ayuntamiento de Zaragoza	B50596428	J-M-NAVARRO-SL	7398	24/04/2018	Obras(Menor)	156162-18
Asis./Tec. Redaccion proy.Talud y acondicio. c/ Campamento del BşJuslibol.Convenio Ayto.-DPZ	Ayuntamiento de Zaragoza	Datos de caracter personal	ALICIA PERALTA CATALAN	3996	20/04/2018	Servicios(Menor)	134779-17
Asis./Tecn. Redac. proye: Ren.red abastec. y Pav. C/ Salitreria ( BşAlfocea). Convenio Ayto-DPZ	Ayuntamiento de Zaragoza	B86317047	COMPAS CONSULTORES, S.L	3030	20/04/2018	Servicios(Menor)	134838-17
CONTRATO MENOR DE SERVICIOS PARA LA IMPRESION DEL LIBRO LA ZARAGOZA DE LAS MUJERES. CALLEJERO	Ayuntamiento de Zaragoza	B50325950	CALIDAD-GRAFICA-SL	3992	19/04/2018	Servicios(Menor)	147131-18
Asis./Tecn.Red.proy:Segunda fase cub.acequia C/Zaragoza 35-62(Juslibol).Conv.Ayto-DPZ	Ayuntamiento de Zaragoza	Datos de caracter personal	ENRIQUE ROSA LAMATA	4807	16/04/2018	Servicios(Menor)	134861-17
REPARACION Y ACTUALIZACION SOFTWARE DEL CROMATOGRAFO DE LIQUIDOS AGILENT 1100, DEL LAB. F-Q II	Ayuntamiento de Zaragoza	B86907128	AGILENT TECNOLOGIES, S.L.	7068	16/04/2018	Servicios(Menor)	149252-18
SERVICIOS DE GUIAS EDUCATIVOS PARA ESCOLARES EN LAS RUTAS DEL CEMENTERIO DE TORRERO/ 2018	Ayuntamiento de Zaragoza	Datos de caracter personal	MARIA OLGA LARRUBIA MARTINEZ	3224	12/04/2018	Servicios(Menor)	144592-18
ADQUISICION SISTEMA EXTRACCION DE VIRUS EN ALIMENTOS PARA MICROBIOLOGIA DE ALIMENTOS	Ayuntamiento de Zaragoza	A28664589	BIOMERIEUX, S.A.	7950	06/04/2018	Suministros(Menor)	149236-18
Serv. ayuda para busqueda y recuperacion de inf. de contenidos de la sede electronica	Ayuntamiento de Zaragoza	B87865283	RECOGNAI S.L.	17500	03/04/2018	Servicios(Menor)	146019-18
Tapizado sillones y sillas municipales (2018).	Ayuntamiento de Zaragoza	B71066377	AETHELWYNE SL (TAPIZADOS GINZO)	1181	02/04/2018	Servicios(Menor)	142644-18
contrato de servicios para la adaptacion de la aplicacion de Relaciones Laborales al Pacto Convenio	Ayuntamiento de Zaragoza	B50658046	IA SOFT ARAGÓN S.L.	17842	02/04/2018	Servicios(Menor)	130609-17
SUMINISTRO DE UN BARREFONDOS, Y REPUESTOS PARA EQUIPOS EXISTENTES	Ayuntamiento de Zaragoza	B31229313	FANOR PISCINAS	17305	28/03/2018	Suministros(Menor)	147057-18
CONTRATO PARA LA LECTURA COMPLETA DE LA COLECCION AENORMAS Y DESCARGA DE NORMAS UNE.	Ayuntamiento de Zaragoza	A83076687	AENOR INTERNACIONAL S.A.	6000	28/03/2018	Servicios(Menor)	149263-18
SERVICIO SOCIOSANITARIO ANTE EMERGENCIAS EN DOMICILIOS DE PERSONAS MAYORES	Ayuntamiento de Zaragoza	A80495864	SERV-TELEASISTENCIA-SA	13800	27/03/2018	Servicios(Menor)	143782-18
ACTUACIONES SOCIO-EDUCATIVAS EN EL DISTRITO SUR.	Ayuntamiento de Zaragoza	F50867803	PROMOTORA DE INICIATIVAS DE DESARROLLO Y EDUCACIÓN SOCIAL (PRIDES S. COOP.)	12727	27/03/2018	Servicios(Menor)	144342-18
CONTRATO MENOR PARA EL SERVICIO DE APOYO A LA GESTION DE REDES SOCIALES DEL AYUNTAMIENTO DE ZARAGOZA	Ayuntamiento de Zaragoza	B99502544	PINEAPPLE, COMUNICACIÓN, S.L.	16960	26/03/2018	Servicios(Menor)	144473-18
CONSTRUCCION DE COLUMBARIOS 2018 EN EL CEMENTERIO DE TORRERO -MANZANA 120- (18-006) P2	Ayuntamiento de Zaragoza	Datos de caracter personal	LUIS FRANCO MUŃOZ	43732	23/03/2018	Obras(Menor)	145210-18
Rehabilitacion  Alcaldia del Bş de Villarrapa y compra de Mobiliario ( Convenio DPZ 2017/19)	Ayuntamiento de Zaragoza	B50853936	ALQUILER SHOP Zaragoza - PICASSO 34, S.L	14435	22/03/2018	Obras(Menor)	138240-17
REMODELACION ALJIBE Bş TORRECILLA DE VALMADRID.ZARAGOZA.(CONVENIO D.P.Z. 2017-19)	Ayuntamiento de Zaragoza	B99413361	CESAR AUGUSTA 2020 S.L.	20484	22/03/2018	Obras(Menor)	137978-17
DISENO Y DESARROLLO DE LA APP ZGZ 16 PARA DISPOSITIVOS MOVILES	Ayuntamiento de Zaragoza	B99144933	GEOSPATIUMLAB S.L.	16000	22/03/2018	Servicios(Menor)	144981-18
Realizacion de un proyecto de Verano Activo para jovenes del  Distrito Sur y Parque Goya	Ayuntamiento de Zaragoza	F50867803	PROMOTORA DE INICIATIVAS DE DESARROLLO Y EDUCACIÓN SOCIAL (PRIDES S. COOP.)	16100	21/03/2018	Servicios(Menor)	143118-18
CONTRATO MENOR DE SERVICIOS DE INHUMACIONES GRATUITAS 2018	Ayuntamiento de Zaragoza	A50954296	NAJUCEM S.A.	265	14/03/2018	Servicios(Menor)	146331-18
BASE DE DATOS LALEYDIGITAL.ES 2018	Ayuntamiento de Zaragoza	A58417346	WOLTERS KLUWER ESPAŃA, S.A.	3105	13/03/2018	Servicios(Menor)	144304-18
Mantenimiento de la aplicacion movil Zaragoza Tributos.	Ayuntamiento de Zaragoza	B82387770	EVERIS SPAIN SLU	14500	12/03/2018	Servicios(Menor)	144214-18
SERVICIO  DE SUBTITULADO DE PLENOS Y COMISIONES DEL AYUNTAMIENTO DE ZARAGOZA	Ayuntamiento de Zaragoza	G22261531	FAAPAS	0	02/03/2018	Servicios(Menor)	145085-18
COLOCACION DE TABLONES PARA DIFUSION DE INFORMACION.ZARAGOZA (Presupuestos Participativos 2017)	Ayuntamiento de Zaragoza	B50165034	MASENA,S.L.	13005	28/02/2018	Obras(Menor)	135604-17
Retrato oficial Alcalde J.A.Belloch	Ayuntamiento de Zaragoza	Datos de caracter personal	JORGE GAY MOLINS	9000	21/02/2018	Servicios(Menor)	145040-18
PLATAFORMA CORPORATIVA	Ayuntamiento de Zaragoza	A50878842	AULOCE, S.A	7843	20/02/2018	Servicios(Menor)	142658-18
RENOVACION DEL  ALUMBRADO PUBLICO EN EL BARRIO DE SAN GREGORIO ( CONVENIO D.P.Z 2017-2019)	Ayuntamiento de Zaragoza	A50077700	ELECTRICIDAD AMARO SA	33026	13/02/2018	Obras(Menor)	134327-17
Evento fiesta de fin ańo	Zaragoza Cultural	B50714344	Eid Servicio de Catering, S.L. - ES	8489	31/12/2018	Servicios(Menor)	CULMENOR175-18
Espectáculo Cantajuegos	Zaragoza Cultural	B99072399	Eventos MPH Directo, S.L. - ES	3080	27/12/2018	Servicios(Menor)	CULMENOR174-18
Concierto de Rozalen	Zaragoza Cultural	B31776990	Eventos Orprocoor, S.L. - ES	3080	23/12/2018	Servicios(Menor)	CULMENOR173-18
Evento Que campanazo	Zaragoza Cultural	B99435760	El Pecado de Eva, S.L. - ES	4624	22/12/2018	Servicios(Menor)	CULMENOR172-18
Concierto de Victor Manuel	Zaragoza Cultural	B80454424	Ion Musica, s.l. - ES	4869	20/12/2018	Servicios(Menor)	CULMENOR171-18
Suministro para la difusión y material complementario de las actividades didácticas en los museos municipales	Zaragoza Cultural	A50006600	Cometa, S.A. - ES	5502	19/12/2018	Suministros(Menor)	CULMENOR64-18
Convencion Novaltia	Zaragoza Cultural	F50016401	Novaltia, S.C. - ES	3356	19/12/2018	Servicios(Menor)	CULMENOR170-18
Premios Responsabilidad Social del IAF	Zaragoza Cultural	Q5095004Q	Instituto Aragonés Fomento - ES	3912	18/12/2018	Servicios(Menor)	CULMENOR169-18
Impresión de 2.500 y 3.000 postales desplegables de Harinera	Zaragoza Cultural	A50003763	OCTAVIO Y FÉLEZ S.A	885	18/12/2018	Suministros(Menor)	CULMENOR68-18
Fiesta de Navidad de Inditex	Zaragoza Cultural	A28229713	Viajes El Corte Ingles, S.A. - ES	4596	16/12/2018	Servicios(Menor)	CULMENOR168-18
Conciertto de Diego el Cigala	Zaragoza Cultural	B61563573	Producciones Animadas, S.L. - ES	3080	14/12/2018	Servicios(Menor)	CULMENOR167-18
Cambio del cuadro de maniobra del ascensor de la sala multiusos del Auditorio de Zaragoza	Zaragoza Cultural	A80241789	FERROVIAL SERVICIOS SA	6787	11/12/2018	Suministros(Menor)	CULMENOR67-18
Actuación la nueva Orquesta Boston Show (Nochevieja 2018)	Zaragoza Cultural	Datos de caracter personal	Peguero Cinca, Pedro Joaquin - ES	5000	05/12/2018	Otros(Menor)	CULMENOR204-18
Diseńo, procesado de la información, tratamiento de imágenes y maquetación de catálogos de las exposiciones artísticas programadas en salas municipales de exposiciones durante 2019	Zaragoza Cultural	Datos de caracter personal	Gran Marcos, Ines - ES	2750	04/12/2018	Servicios(Menor)	CULMENOR61-18
Servicio de alquiler de vallas a instalar en la Cabalgata de Reyes de Zaragoza el día 5 de Enero de 2019	Zaragoza Cultural	B44189231	PRODUCCIONES SEGURANA S.L.	13900	03/12/2018	Servicios(Menor)	CULMENOR65-18
Servicio en régimen de alquiler de equipamiento de video, sonido y servicio técnico para la feria del cómic a realizar en la Sala Multiusos del Auditorio de Zaragoza del 14 al 16 de diciembre de 2018	Zaragoza Cultural	B99053506	FLUGE.	1026	03/12/2018	Servicios(Menor)	CULMENOR66-18
Concierto del Duo Dinámico	Zaragoza Cultural	B31776990	Eventos Orprocoor, S.L. - ES	3080	30/11/2018	Servicios(Menor)	CULMENOR166-18
VI Congreso Asoc. Nac. Veterinarios de Porcino	Zaragoza Cultural	G99299216	Asoc Veterinarios Porcino - ES	10778	28/11/2018	Servicios(Menor)	CULMENOR165-18
Suministro del material relacionado con destino a las actividades del Centro de Historias de Zaragoza	Zaragoza Cultural	B50497692	CLD INFORMATICA	4925	28/11/2018	Suministros(Menor)	CULMENOR63-18
Impresión de catálogos y folletos de exposiciones artísticas en salas de exposiciones de Zaragoza. Enero-Mayo 2019	Zaragoza Cultural	A50006600	Cometa, S.A. - ES	8843	28/11/2018	Suministros(Menor)	CULMENOR60-18
Homenaje Colaboradores del Mayor	Zaragoza Cultural	P530300G 	yuntamiento de Zaragoza - ES	3474	27/11/2018	Servicios(Menor)	CULMENOR164-18
Suministro de 3000 bolsas de cotillón para la Nochevieja de 2018	Zaragoza Cultural	B99437147	Principes de Maine, S.L	1920	26/11/2018	Suministros(Menor)	CULMENOR62-18
Concierto FSO TOUR 2018	Zaragoza Cultural	V98998198	FSO Tour 2018 A.I.E. - ES	3696	24/11/2018	Servicios(Menor)	CULMENOR163-18
Concierto de Ensemble Bayona	Zaragoza Cultural	F55660609	Articat, SCCL - ES	10000	24/11/2018	Otros(Menor)	CULMENOR178-18
XXX Aniversario Teatro Lírico de Zaragoza	Zaragoza Cultural	G50316967	Teatro Lírico de Zargoza - ES	3883	17/11/2018	Servicios(Menor)	CULMENOR162-18
Actividades Teatro Comunitario (Barrios creando. Creando Barrios)	Zaragoza Cultural	G99323487	Asociación la maquinaria - ES	12328	14/11/2018	Otros(Menor)	CULMENOR201-18
Actividades Trayectos Danza Comunitaria (Barrios Creando.Creando Barrios)	Zaragoza Cultural	G50630482	Asoc. Cult las Voces Humanas - ES	4154	14/11/2018	Otros(Menor)	CULMENOR203-18
Actividades Pares Sueltos. Artes Escénicas (Barrios Creando.Creando Barrios)	Zaragoza Cultural	G99422636	Asociación Materia Primas - ES	12000	14/11/2018	Otros(Menor)	CULMENOR202-18
Actividades Circo Comunitario (Barrios Creando.Creando Barrios)	Zaragoza Cultural	G22363832	Asoc Sociocultural Escuela Circo - ES	5927	14/11/2018	Otros(Menor)	CULMENOR200-18
Concierto History of rock	Zaragoza Cultural	B54808795	Directo al Escenario, S.L. - ES	3359	09/11/2018	Servicios(Menor)	CULMENOR160-18
XI Salon del Stock	Zaragoza Cultural	B50648468	Kirei Zaragoza, s.l. - ES	8763	09/11/2018	Servicios(Menor)	CULMENOR161-18
World of dance-Qualifier Spain	Zaragoza Cultural	B99323263	Danza y Estilo, S.L. - ES	3673	03/11/2018	Servicios(Menor)	CULMENOR159-18
Concierto de Miguel Poveda	Zaragoza Cultural	B23601446	Riff Producciones, S.L. - ES	4342	02/11/2018	Servicios(Menor)	CULMENOR158-18
Servicio del diseńo, procesado de la información, maquetación e impresión de la campańa de navidad 2018-2019 	Zaragoza Cultural	B50775584	El directorio de creación publicitarias, S.L.	8100	02/11/2018	Servicios(Menor)	CULMENOR59-18
Concierto de Leonel Morales	Zaragoza Cultural	B81613085	Marle 96, S.L. - ES	4000	29/10/2018	Otros(Menor)	CULMENOR177-18
Concierto de la Wind Orchestra	Zaragoza Cultural	B99469298	Gesmar Servicios Culturales, S.L. - ES	10000	28/10/2018	Otros(Menor)	CULMENOR176-18
18ş Encuentro coros Colegio de Abogados	Zaragoza Cultural	Q5063001A	Colegio Abogados Zaragoza - ES	3824	27/10/2018	Servicios(Menor)	CULMENOR157-18
Servicio de la creatividad, maquetación y diseńo gráfico de las campańas del Auditorio de Zaragoza	Zaragoza Cultural	Datos de caracter personal	Frago Monzón, Miguel - ES	13000	26/10/2018	Servicios(Menor)	CULMENOR58-18
XIV Congreso Nacional de PANASEF	Zaragoza Cultural	G81485716	Asoc Nac. Serv Funerarios - ES	13861	25/10/2018	Servicios(Menor)	CULMENOR156-18
Coorganización 24ş Festival Jazz Al Margen 2018	Zaragoza Cultural	G50083047	"Asociación Vecinos Arrabal ""Tio Jorge"" - ES"	11500	22/10/2018	Otros(Menor)	CULMENOR198-18
XI Congreso Nacional de Familias Numerosas	Zaragoza Cultural	G28728962	Fed. Familias Numerosas - ES	3280	20/10/2018	Servicios(Menor)	CULMENOR155-18
Cena Congreso Ingenieria Hospitalaria	Zaragoza Cultural	A18449561	Eurocongres Viajes, S.A. - ES	4876	19/10/2018	Servicios(Menor)	CULMENOR154-18
Espectáculo Las amigdalas de mis amigdalas....	Zaragoza Cultural	J99355950	Siamm Producciones, S.C. - ES	5068	12/10/2018	Servicios(Menor)	CULMENOR152-18
Espectáculo de Bvocal Human Voices	Zaragoza Cultural	F50945138	Conlaboca Producciones S.Coop - ES	5692	12/10/2018	Servicios(Menor)	CULMENOR153-18
Programa La vida moderna con David Broncano	Zaragoza Cultural	A50043777	CADENA SER	4096	10/10/2018	Servicios(Menor)	CULMENOR151-18
Concierto Dios salve a la reina interpreta a Queen	Zaragoza Cultural	B94079373	Remember Minds, S.L. - ES	3085	09/10/2018	Servicios(Menor)	CULMENOR150-18
Actuación JFDR Festival de festivales	Zaragoza Cultural	B99487332	Cultura Atómica, S.L.U. - ES	3295	08/10/2018	Otros(Menor)	CULMENOR191-18
Actuación Javier Mena Festival de festivales	Zaragoza Cultural	B61978987	A.C. Primavera Sound - ES	6500	08/10/2018	Otros(Menor)	CULMENOR192-18
Actuaciones Grupos Folkloricos FFMA.	Zaragoza Cultural	G99189433	Fed Folklore Aragonés, Musica (FFAMA) - ES	12200	08/10/2018	Otros(Menor)	CULMENOR196-18
Actividades de animación infantil (reutilización) en Parque Infantil Rio y Juego	Zaragoza Cultural	G50503523	Fundación Ecologia y Desarrollo - ES	9917	08/10/2018	Otros(Menor)	CULMENOR205-18
Actuación La Schica Kabaret Vendetta	Zaragoza Cultural	B72232618	 Articomedia, s.l. - ES	3116	08/10/2018	Otros(Menor)	CULMENOR195-18
Actuación Nathy Peluso Festival de festivales	Zaragoza Cultural	B99052409	Borina Producciones, s.l. - ES	12900	08/10/2018	Otros(Menor)	CULMENOR193-18
Actuación Kabaret Dadá Kabaret Vendetta	Zaragoza Cultural	G99336968	A.C. Juntos por el Rock - ES	11700	08/10/2018	Otros(Menor)	CULMENOR194-18
Concierto Europe Live in Zaragoza	Zaragoza Cultural	B62757596	Producciones Rocknrock, S.L. - ES	4559	06/10/2018	Servicios(Menor)	CULMENOR149-18
Actuación Linn da Quebrada Festival de festivales	Zaragoza Cultural	B99487332	Cultura Atómica, S.L.U. - ES	4858	05/10/2018	Otros(Menor)	CULMENOR189-18
Actuación Tarde o Temprano Danza (pregón)	Zaragoza Cultural	G99190589	Asociación cultural tarde o temprano danza - ES	4500	05/10/2018	Otros(Menor)	CULMENOR92-18
Actuación Mercedes Peón Festival de festivales	Zaragoza Cultural	B99051716	Producciones Panoja, S.L. - ES	6900	05/10/2018	Otros(Menor)	CULMENOR190-18
Actuación Colin Self Festival de festivales	Zaragoza Cultural	B99487332	Cultura Atómica, S.L.U. - ES	3806	05/10/2018	Otros(Menor)	CULMENOR188-18
Actuación Chicks on speed Festival de festivales	Zaragoza Cultural	B99487332	Cultura Atómica, S.L.U. - ES	7199	05/10/2018	Otros(Menor)	CULMENOR187-18
Trayectos en las Fiestas del Pilar 2018 Festival de festivales	Zaragoza Cultural	G50630482	Asoc. Cult las Voces Humanas - ES	5000	04/10/2018	Otros(Menor)	CULMENOR182-18
III Encuentro Dulzaina y Tambor Ciudad Zaragoza Festival de festivales	Zaragoza Cultural	G50919133	Mosaicos Populars D`Aragon (Acampa) - ES	3820	04/10/2018	Otros(Menor)	CULMENOR181-18
Actuación BOMBINO Festival de festivales	Zaragoza Cultural	B50982339	Antipodas Producciones, S.L. - ES	8470	04/10/2018	Otros(Menor)	CULMENOR186-18
Actuación Orquesta Sinfónica Ciudad Zaragoza Festival de Festivales	Zaragoza Cultural	G99215147	Hernando de Aragón - ES	9000	04/10/2018	Otros(Menor)	CULMENOR185-18
Actuación Maria Arnal/Marcel Bagés Festival de festivales	Zaragoza Cultural	Datos de caracter personal	Gómez Perry, Tomás - ES	10648	04/10/2018	Otros(Menor)	CULMENOR184-18
Actuación Anna Calvi Festival de festivales	Zaragoza Cultural	B99346512	Big Star Music, s.l. - ES	9873	04/10/2018	Otros(Menor)	CULMENOR183-18
Actuación Plaza de la Magia	Zaragoza Cultural	J99404915	Pototis, S.C. - ES	3700	01/10/2018	Otros(Menor)	CULMENOR179-18
Actuaciones Plaza de la Magia	Zaragoza Cultural	Datos de caracter personal	Ramírez García, Javier - ES	3500	01/10/2018	Otros(Menor)	CULMENOR180-18
Actuación Carolina durante + seńalada (festival de festivales)	Zaragoza Cultural	B70907187	La lata de bombillas, S.L. - ES	5300	28/09/2018	Otros(Menor)	CULMENOR213-18
Actuación The Bellrays + Black Bones + DJ Lay Funká Morente (festival de festivales)	Zaragoza Cultural	Datos de caracter personal	Dominguez Gracia, Victor - ES	7858	28/09/2018	Otros(Menor)	CULMENOR109-18
Actuación Soleá Morente (festival de festivales)	Zaragoza Cultural	B99051716	Producciones Panoja, S.L. - ES	6500	28/09/2018	Otros(Menor)	CULMENOR216-18
Coorganización Muestra Jazzeńe 2018	Zaragoza Cultural	J99355950	Siamm Producciones, S.C. - ES	10662	28/09/2018	Otros(Menor)	CULMENOR197-18
Actuación Colectivo Chicotén (festival de festivales)	Zaragoza Cultural	Datos de caracter personal	Seguer García, Jose Luis - ES	5500	28/09/2018	Otros(Menor)	CULMENOR215-18
Actuación Talco (festival de festivales)	Zaragoza Cultural	B66721184	Punkchanka, S.L. - ES	13000	28/09/2018	Otros(Menor)	CULMENOR214-18
Suministro de alquiler de equipamiento de Backline a instalar en las Plazas de Justicia, San Bruno y del Pilar de Zaragoza durante las Fiestas del Pilar 2018	Zaragoza Cultural	B99053506	FLUGE.	4700	26/09/2018	Suministros(Menor)	CULMENOR56-18
Actuaciones un Pilar de Revista (Pilar 2018 en barrios)	Zaragoza Cultural	Datos de caracter personal	Pardos Melero, Luis - ES	4000	21/09/2018	Otros(Menor)	CULMENOR212-18
Actuación Chumi Chuma (parque Río y juego)	Zaragoza Cultural	Datos de caracter personal	Sanz Palacios, Francisco J. - ES	4000	21/09/2018	Otros(Menor)	CULMENOR96-18
Actuación Guixot de 8 (parque Río Juego)	Zaragoza Cultural	Datos de caracter personal	Rovira Boix, Joan - ES	4615	21/09/2018	Otros(Menor)	CULMENOR95-18
Actuación Norabola Producciones (pregón)	Zaragoza Cultural	Datos de caracter personal	Martí Ballarín, Aarón Philip - ES	4462	21/09/2018	Otros(Menor)	CULMENOR93-18
Acompańamiento Comparsa Gigantes y Cabezudos	Zaragoza Cultural	G50356732	A.C. Gaiteros de Aragón - ES	7875	21/09/2018	Otros(Menor)	CULMENOR99-18
Actuación Artistas del Gremio (Parque río y juego)	Zaragoza Cultural	F99434995	ADG Producciones Soc. Coop. - ES	12396	21/09/2018	Otros(Menor)	CULMENOR97-18
Actuación Coscorrón (Pregón)	Zaragoza Cultural	Datos de caracter personal	Aliaga Cucalón, Maria Pilar - ES	3966	20/09/2018	Otros(Menor)	CULMENOR87-18
Actuación K de Calle (pregón)	Zaragoza Cultural	G50318476	Asoc. Cult. K de Calle Teatro - ES	4500	20/09/2018	Otros(Menor)	CULMENOR91-18
Diseńo, atrezzo y arte final carrozas (pregón)	Zaragoza Cultural	Datos de caracter personal	Pellicer Ińiguez, Manuel - ES	7100	20/09/2018	Otros(Menor)	CULMENOR94-18
Actuación Soleá Morente (festival de festivales)	Zaragoza Cultural	B99051716	Producciones Panoja, S.L. - ES	6500	20/09/2018	Otros(Menor)	CULMENOR108-18
Actuación Dewolff (festival de festivales)	Zaragoza Cultural	B99463390	Sweet Caroline, S.L. - ES	4500	20/09/2018	Otros(Menor)	CULMENOR110-18
"Actuación WOMEN SOLDIERS+NISH WADADA+HERMANO L ""Festival de festivales"""	Zaragoza Cultural	B99052409	Borina Producciones, s.l. - ES	9700	20/09/2018	Otros(Menor)	CULMENOR208-18
Actuación Rels B (festival de festivales)	Zaragoza Cultural	B99052409	Borina Producciones, s.l. - ES	14000	20/09/2018	Otros(Menor)	CULMENOR209-18
Actuación Alexis Taylor (festival de festivales)	Zaragoza Cultural	B99487332	Cultura Atómica, S.L.U. - ES	7187	20/09/2018	Otros(Menor)	CULMENOR2010-18
Actuaciones Rondalla y Cantadores Certamen Jota 2018	Zaragoza Cultural	G99504433	Asociación Rondalla Certamen de Jota de Zaragoza - ES	9100	20/09/2018	Otros(Menor)	CULMENOR86-18
Actuación Nostraxladmus (pregón)	Zaragoza Cultural	G22287478	Asociación Murcielagox - ES	6000	20/09/2018	Otros(Menor)	CULMENOR88-18
Actuación Almozandia (pregón)	Zaragoza Cultural	B99239097	Pintacoda Animación, S.L. - ES	3305	20/09/2018	Otros(Menor)	CULMENOR89-18
Actuación Callejeatro (pregón)	Zaragoza Cultural	F99456824	Embolicarte Soc. Coop. - ES	5000	20/09/2018	Otros(Menor)	CULMENOR90-18
Actuación Watermelon Slim (festival de festivales)	Zaragoza Cultural	B99463390	Sweet Caroline, S.L. - ES	5300	20/09/2018	Otros(Menor)	CULMENOR111-18
Actuación vocal Tempo + Salsagoza latin band (festival de festivales)	Zaragoza Cultural	B99251985	LA TAPISCA 2009, S.L. - ES	7500	20/09/2018	Otros(Menor)	CULMENOR207-18
Actuación Sonia Miranda (festival de festivales)	Zaragoza Cultural	B99051716	Producciones Panoja, S.L. - ES	3600	20/09/2018	Otros(Menor)	CULMENOR2011-18
Suministro de alquiler de bańos químicos y limpieza para público y personas discapacitadas a instalar en diferentes espacios durante las Fiestas del Pilar 2018	Zaragoza Cultural	B50917509	EURECA, S.L.	6970	18/09/2018	Suministros(Menor)	CULMENOR55-18
Suministros de soportes gráficos para la Sociedad Municipal Zaragoza Cultural, S.A.U. en las fiestas del Pilar 2018	Zaragoza Cultural	B50162494	N&N Digital y Gran Formato, S.L.	7118	18/09/2018	Suministros(Menor)	CULMENOR41-18
Alquiler de escenario, barrera antiavalancha, plataformade minusválidos y de medios de comunicación a instalar en la Plaza San Bruno de Zaragoza durante las Fiestas del Pilar 2018	Zaragoza Cultural	B50312529	LEYENDA S.L.	7500	18/09/2018	Suministros(Menor)	CULMENOR52-18
Suministro de alquiler de un equipo de sonido, iluminación y pantalla de video a instalar en la Plaza de San Bruno de Zaragoza durante las Fiestas del Pilar 2018 	Zaragoza Cultural	B99053506	FLUGE.	14677	18/09/2018	Suministros(Menor)	CULMENOR53-18
Suministro de alquiler de un equipo de sonido, iluminación y pantalla de video a  instalar en la Plaza de Justicia de Zaragoza durante las Fiestas del Pilar 2018 	Zaragoza Cultural	B99053506	FLUGE.	10678	18/09/2018	Suministros(Menor)	CULMENOR54-18
Concierto Alexnder Malfeev-Temp. Solistas	Zaragoza Cultural	B96081526	Duetto Management, S .L. - ES	6500	17/09/2018	Otros(Menor)	CULMENOR148-18
Actuación los Excentricos (Plaza de la Risa)	Zaragoza Cultural	F64892508	Los Excentricos, SCCL - ES	6000	13/09/2018	Otros(Menor)	CULMENOR106-18
Actuación Cia. Nils (plaza de la risa)	Zaragoza Cultural	LFH71RV2R	NILS-FABIAN MÜLLER - DE	3726	13/09/2018	Otros(Menor)	CULMENOR107-18
Servicio de alquiler de un equipo de sonido e iluminación, para las actividades a realizar en Plaza San Pedro Nolasco de Zaragoza durante las Fiestas del Pilar 2018 	Zaragoza Cultural	B99515694	Producciones el Sotano, S.L.L.	6289	13/09/2018	Servicios(Menor)	CULMENOR47-18
Suministro de vallas a instalar en las Fiestas del Pilar de Zaragoza 2018 	Zaragoza Cultural	B44189231	PRODUCCIONES SEGURANA S.L.	14900	13/09/2018	Suministros(Menor)	CULMENOR48-18
Servicio de alquiler de un equipo de sonido, para el Rosario de Cristal de Zaragoza durante las Fiestas del Pilar 2018 	Zaragoza Cultural	A50004829	INDUSTRIA Y MONTAJES ELÉCTRICOS S.A.	5350	13/09/2018	Servicios(Menor)	CULMENOR46-18
Servicio de alquiler de un equipo de sonido para la ofrenda de flores en Plaza del Pilar de Zaragoza durante las fiestas del Pilar 2018 	Zaragoza Cultural	B50312529	LEYENDA S.L.	1100	13/09/2018	Servicios(Menor)	CULMENOR50-18
Servicio de alquiler de dos equipos de sonido: Rosario de la Aurora y salida de ofrenda de flores de Zaragoza durante las Fiestas del Pilar 2018 	Zaragoza Cultural	B99300386	MILLAN PRO SERVICIOS PROFESIONALES, S.L.	6500	13/09/2018	Servicios(Menor)	CULMENOR49-18
Servicio de alquiler de un equipo de sonido e iluminación, para las actividades a realizar en la Glorieta Esperanto de Zaragoza durante las Fiestas del Pilar 2018 	Zaragoza Cultural	B99515694	Producciones el Sotano, S.L.L.	6289	13/09/2018	Servicios(Menor)	CULMENOR42-18
Servicio de alquiler de un equipo de sonido e iluminación, para las actividades a realizar en Plaza José María Forqué de Zaragoza durante las Fiestas del Pilar 2018 	Zaragoza Cultural	B50744424	MUSISER EVENTOS, S.L	6500	13/09/2018	Servicios(Menor)	CULMENOR43-18
Servicio de alquiler de un equipo de sonido para las actividades a realizar en Parque Bruil de Zaragoza durante las Fiestas del Pilar 2018 	Zaragoza Cultural	B50566439	INGENIER-Y-TELEC-ADDI-TELECOM-SL	2895	13/09/2018	Servicios(Menor)	CULMENOR44-18
Servicio de alquile de plataformas de escenario, barandillas, escaleras y faldones para las actividades en diferentes espacios con motivo de las Fiestas del Pilar	Zaragoza Cultural	B44189231	PRODUCCIONES SEGURANA S.L.	3500	13/09/2018	Servicios(Menor)	CULMENOR45-18
Servicio de alquile de plataformas de escenario, barandillas, escaleras y faldones para las actividades en diferentes espacios con motivo de las Fiestas del Pilar	Zaragoza Cultural	B50312529	LEYENDA S.L.	3500	13/09/2018	Servicios(Menor)	CULMENOR45-18
Celebración XXI Muestra cine realizado por mujeres	Zaragoza Cultural	G50891084	Asociación cultural Odeonia - ES	8000	05/09/2018	Otros(Menor)	CULMENOR121-18
75ş Aniversario de SAICA	Zaragoza Cultural	B22422117	Eventos Comunicación &  Protocolo, S.L. - ES	6045	03/09/2018	Servicios(Menor)	CULMENOR147-18
"Realización de actividades didácticas para la exposición temporal ""Una visión del cómic en Espańa"" en Casa de Los Morlanes"	Zaragoza Cultural	Datos de caracter personal	Rodriguez Martinez, Luis	3320	31/08/2018	Servicios(Menor)	CULMENOR51-18
XXXVI Congreso GEQO 2018	Zaragoza Cultural	A28229813	Viajes El Corte Ingles, S.A. - ES	7234	30/08/2018	Servicios(Menor)	CULMENOR146-18
CONTRATO MENOR PARA LA ASESORÍA DE DISEŃO DE  ESPACIOS CONTRATO MENOR PARA LA ASESORÍA DE DISEŃO DE ESPACIOS DEL PILAR 2018 (Ref c.m. 39/2018)	Zaragoza Cultural	Datos de caracter personal	Undoestudio. S.C.	6500	28/08/2018	Servicios(Menor)	CULMENOR40-18
Foro Vacuno ZOETIS	Zaragoza Cultural	A08644932	Viajes Pacífico, S.A. - ES	3471	22/08/2018	Servicios(Menor)	CULMENOR145-18
XLIII Congreso SEOC	Zaragoza Cultural	G14117923	Soc. Espańola de Ovinotecnia y Caprinotecnia - ES	5223	31/07/2018	Servicios(Menor)	CULMENOR144-18
Impresión exposiciones artísticas en salas Municipales	Zaragoza Cultural	B50558451	LITOCIAN S.L.	2685	30/07/2018	Suministros(Menor)	CULMENOR206-18
Servicio de seguimiento audiovisual y edición de 10 videos del Pilar 2018	Zaragoza Cultural	Datos de caracter personal	Ruiz Cantarero, José Carlos	7020	27/07/2018	Servicios(Menor)	CULMENOR39-18
Actuacion CIA. Noisy Oyster (parque marionetas)	Zaragoza Cultural	Datos de caracter personal	Rowland Barker, Sarah - GB	5217	26/07/2018	Otros(Menor)	CULMENOR104-18
Celebración feria cerámica contemporánea Cerco 2019	Zaragoza Cultural	G50304021	Asociación profesional de artesanos de Aragón - ES	6000	26/07/2018	Otros(Menor)	CULMENOR118-18
Actuación Civi Civiac (Parque Marionetas)	Zaragoza Cultural	B22323059	Civic-Civiac Producciones, S.L. - ES	3750	26/07/2018	Otros(Menor)	CULMENOR100-18
Actuación Orquesta Zingarozana (parque marionetas)	Zaragoza Cultural	B50822550	TEATRO CHE Y MOCHE, S.L. - ES	7500	26/07/2018	Otros(Menor)	CULMENOR101-18
Actuación Cia. Yo soy Ratón (parque Marionetas)	Zaragoza Cultural	E88119011	Yo soy ratón, C.B. - ES	4300	26/07/2018	Otros(Menor)	CULMENOR102-18
Actuación Cia. Third hand group (parque marionetas)	Zaragoza Cultural	Datos de caracter personal	hird Hand Group - SI	5341	26/07/2018	Otros(Menor)	CULMENOR103-18
Actuacion Cia. Girovago e Rondella (parque marionetas)	Zaragoza Cultural	Datos de caracter personal	 Associazione culturale Girovago e Rondella - IT	13354	26/07/2018	Otros(Menor)	CULMENOR105-18
Impresión de catálogos y otro material para la difusión de exposiciones artísticas en Salas Municipales	Zaragoza Cultural	B50558451	LITOCIAN S.L.	2292	24/07/2018	Suministros(Menor)	CULMENOR35-18
Fiesta Vuelta de Verano	Zaragoza Cultural	B99464554	Que hacer en Zaragoza, S.L. - ES	5450	20/07/2018	Servicios(Menor)	CULMENOR143-18
Suministro de un sistema de almacenamiento de obras de arte (cuadros) con destino al almacén de Patrimonio del Servicio de Cultura.	Zaragoza Cultural	B99220915	BALLAROL OFICINAS S.L.L.	12670	20/07/2018	Suministros(Menor)	CULMENOR34-18
Servicio de los trabajos de creatividad, maquetación y diseńo gráfico de las Fiestas del Pilar 2018	Zaragoza Cultural	Datos de caracter personal	MIGUEL IGUACEN SEBASTIÁN	7660	18/07/2018	Servicios(Menor)	CULMENOR25-18
Suministro de microfonía y accesorios para el Auditorio de Zaragoza	Zaragoza Cultural	B99206112	AUDIO IMPORT PROFESIONAL S.L.	3736	18/07/2018	Suministros(Menor)	CULMENOR36-18
Programa FILMNIC (ciclo de cine y conciertos)	Zaragoza Cultural	B99283459	El Fantasma Producciones, S.L. - ES	8042	06/07/2018	Otros(Menor)	CULMENOR85-18
Coorganización Festival Lagata Reggae 2018	Zaragoza Cultural	B99052409	Borina Producciones, s.l. - ES	12396	06/07/2018	Otros(Menor)	CULMENOR84-18
Celebración exposición Savias	Zaragoza Cultural	Datos de caracter personal	Gimeno Wallace, Eduardo - ES	1400	02/07/2018	Otros(Menor)	CULMENOR117-18
Suministro de folletos para el Auditorio de Zaragoza	Zaragoza Cultural	B50325950	CALIDAD-GRAFICA-SL	14800	28/06/2018	Suministros(Menor)	CULMENOR26-18
Suministro de cartelería de la Sociedad Municipal Zaragoza Cultural, S.A.U.	Zaragoza Cultural	B50162494	N&N Digital y Gran Formato, S.L.	14850	28/06/2018	Suministros(Menor)	CULMENOR27-18
Servicio en régimen de alquiler de equipamiento de sonido para la retransmisión de ópera en Plaza de San Bruno día 7 de julio de 2018	Zaragoza Cultural	B50744424	MUSISER EVENTOS, S.L	900	26/06/2018	Servicios(Menor)	CULMENOR33-18
Servicio en régimen de alquiler de pantalla de video y enlaces para la retransmisión de ópera en Plaza de San Bruno día 7 de Juio de 2018	Zaragoza Cultural	B22156194	RAMPA HUESCA S.L.	3100	26/06/2018	Servicios(Menor)	CULMENOR32-18
Actuación Guadalupe Plata/Lagartija Nick	Zaragoza Cultural	Datos de caracter personal	Gómez Perry, Tomás - ES	10000	22/06/2018	Otros(Menor)	CULMENOR83-18
Servicio de Alquiler de un equipo de sonido e iluminación y video para final Concurso AmbarZMusic 2018 de Zaragoza	Zaragoza Cultural	B22156194	RAMPA HUESCA S.L.	12600	20/06/2018	Servicios(Menor)	CULMENOR31-18
Suministro de equipos de iluminación para museos y salas de exposiciones del Ayuntamiento de Zaragoza	Zaragoza Cultural	A50106673	SESMA COMERCIAL DE ILUMINACION, SA	7000	20/06/2018	Suministros(Menor)	CULMENOR14-18
Impresión para la difusión de exposiciones artísticas en Salas Municipales	Zaragoza Cultural	B50558451	LITOCIAN S.L.	6475	19/06/2018	Suministros(Menor)	CULMENOR29-18
Suministro y entrega  con destino a las actividades expositivas del Centro de Historias de Zaragoza	Zaragoza Cultural	B50497692	CLD INFORMATICA	4695	19/06/2018	Suministros(Menor)	CULMENOR28-18
Restauración del mosaico de Las Musas-Estilo Florido, procedente de la excavación arqueológica de una Domus en la C/ Murallas Romanas de Zaragoza	Zaragoza Cultural	B47633607	Antequem	10400	19/06/2018	Servicios(Menor)	CULMENOR30-18
Coorganización BLUES ARMANDO (Ambar Z Music)	Zaragoza Cultural	B99463390	Sweet Caroline, S.L. - ES	4132	15/06/2018	Otros(Menor)	CULMENOR73-18
Actuación JAY-JAY JOHANSON Final Ambar Z Music 2018	Zaragoza Cultural	B99487332	Cultura Atómica, S.L.U. - ES	5000	07/06/2018	Otros(Menor)	CULMENOR71-18
Coorganización Bombo y Platillo (Ambar Z Music 2018)	Zaragoza Cultural	B99487332	Cultura Atómica, S.L.U. - ES	8500	07/06/2018	Otros(Menor)	CULMENOR72-18
Concierto Ivo Pogorelich-Temp. Solistas	Zaragoza Cultural	B20433918	Meretxu, S.L. - ES	10000	04/06/2018	Otros(Menor)	CULMENOR142-18
Feria del Comic Expotaku 2018	Zaragoza Cultural	G99089468	Asoc. Cultural Ninjas Aldea Oculta de la Tormenta - ES	9255	01/06/2018	Servicios(Menor)	CULMENOR141-18
Suministro de 45.000 caretas de cabezudos (4 modelos) para las Fiestas del Pilar 2018	Zaragoza Cultural	A50003763	OCTAVIO Y FÉLEZ S.A	3654	31/05/2018	Suministros(Menor)	CULMENOR11-18
Suministro de 90.000 y 100.000 programas de Fiestas del Pilar 2018 incluyendo maquetación e impresión	Zaragoza Cultural	A50008044	TIPOLÍNEA, S.A.,	11622	31/05/2018	Suministros(Menor)	CULMENOR13-18
Servicio del diseńo, maquetación e impresión del verano y noche en blanco 2018 e impresión del folleto Zaragoza Cultura acompańa 2018  	Zaragoza Cultural	B50775584	El directorio de creación publicitarias, S.L.	6234	31/05/2018	Servicios(Menor)	CULMENOR20-18
Servicio de seguimiento fotográfico de las Fiestas del Pilar 2018	Zaragoza Cultural	Datos de caracter personal	FRANCISCO-J BELVER BAGUES	6400	31/05/2018	Servicios(Menor)	CULMENOR12-18
Concierto Ensemble Matheus-Temp. Primavera	Zaragoza Cultural	B96081526	Duetto Management, S .L. - ES	10000	29/05/2018	Otros(Menor)	CULMENOR140-18
Servicio de afinación y repaso de los pianos del Auditorio de Zaragoza	Zaragoza Cultural	J99251050	SALA RONO, S.C. - ES	9000	28/05/2018	Servicios(Menor)	CULMENOR21-18
XXVIII Congreso SECPOO 2018	Zaragoza Cultural	G80661952	Soc. Espańola de Cirugia Plástica Ocular - ES	6729	28/05/2018	Servicios(Menor)	CULMENOR139-18
Servicio de alquiler de maquinaria para los trabajos que esta Sociedad realiza en sus actividades	Zaragoza Cultural	A50539998	COMERCIAL ARAGONESA DE MANUTENCIÓN CAM 93, S.A.	8000	28/05/2018	Servicios(Menor)	CULMENOR24-18
Servicios de alquiler de sillas y mesas para cubrir las necesidades de las actividades culturales de Zaragoza Cultural	Zaragoza Cultural	B44189231	PRODUCCIONES SEGURANA S.L.	12000	28/05/2018	Servicios(Menor)	CULMENOR23-18
Servicio de movimiento interno de pianos en el Auditorio de Zaragoza	Zaragoza Cultural	Datos de caracter personal	Molina Hermosilla, Jose Manuel	7500	28/05/2018	Servicios(Menor)	CULMENOR22-18
III Premio Balón de Oro del Futbol Base de Aragón	Zaragoza Cultural	Datos de caracter personal	Alarcón Diloy, Daniel - ES	3704	22/05/2018	Servicios(Menor)	CULMENOR138-18
Celebración XII Edición Muestra Audiovisual Aragonesa	Zaragoza Cultural	Datos de caracter personal	Calavia Sos, Victoria - ES	9000	21/05/2018	Otros(Menor)	CULMENOR120-18
"Proyecto ""Los plantadores de Historias"""	Zaragoza Cultural	G99291403	Asociación Atrapavientos - ES	4132	21/05/2018	Otros(Menor)	CULMENOR82-18
Suministro y entrega de materiales eléctricos para subsanación dle informe de La Oca de 2018 en Auditorio de Zaragoza	Zaragoza Cultural	A48116404	COMERCIAL HISPANOFIL,S.A.U.	6453	18/05/2018	Suministros(Menor)	CULMENOR19-18
Coorganización XXV Ciclo de interpretes. Música en el Museo del Foro Romano	Zaragoza Cultural	G50598952	Asociación Aragonesa Interpretes de Música - ES	12000	17/05/2018	Otros(Menor)	CULMENOR81-18
"Servicio de alquiler de W.Q. en la actividad ""Cincomarzada"" a celebrar el 5 de marzo de 2018 en el Parque del Tío Jorge"	Zaragoza Cultural	B50917509	EURECA, S.L.	2695	16/05/2018	Servicios(Menor)	CULMENOR03-18
"Servicios para alquiler de W.Q. en la actividad ""Cincomarzada"" a celebrar el 27 de mayo en el Parque del Tío Jorge"	Zaragoza Cultural	B50917509	EURECA, S.L.	2695	16/05/2018	Servicios(Menor)	CULMENOR15-18
Suministro de alquiler de un equipo de sonido e iluminación a instalar en Parque Tío Jorge para Cincomarzada mayo 2018 	Zaragoza Cultural	B50312529	LEYENDA S.L.	1400	15/05/2018	Suministros(Menor)	CULMENOR16-18
Suministro de alquiler de un equipo de sonido e iluminación a instalar en Plaza San Bruno para la actividad noche de San Juan de Zaragoza	Zaragoza Cultural	B50312529	LEYENDA S.L.	1100	15/05/2018	Suministros(Menor)	CULMENOR17-18
Servicio de alquiler de un escenario a instalar en Plaza de San Bruno para la actividad Mercado de las 3 Culturas y noche de San Juan en Zaragoza	Zaragoza Cultural	B50312529	LEYENDA S.L.	740	15/05/2018	Servicios(Menor)	CULMENOR18-18
Fiesta Pachito	Zaragoza Cultural	B99435760	El Pecado de Eva, S.L. - ES	4157	15/05/2018	Servicios(Menor)	CULMENOR137-18
Miguel Angel Berna La Jota	Zaragoza Cultural	B99024572	Arkhe Danza, S.L. - ES	4964	14/05/2018	Servicios(Menor)	CULMENOR136-18
"Coorganización ""Zaragoza is Bike"""	Zaragoza Cultural	F99349284	CALA Y PEDAL SOCIEDAD COOPERATIVA	4967	11/05/2018	Otros(Menor)	CULMENOR80-18
50 ş Aniversario ARPA	Zaragoza Cultural	A50051218	Equipos Móviles de Campańa Arpa S.A.U. - ES	3341	11/05/2018	Servicios(Menor)	CULMENOR135-18
Contrato para el Servicio de Alquiler de sonido e iluminación Festival Cantania 2018 en Auditorio de Zaragoza	Zaragoza Cultural	B99053506	FLUGE.	9350	08/05/2018	Servicios(Menor)	CULMENOR10-18
Graduación Alumnos Facultad de Medicina	Zaragoza Cultural	Q5066002F	Colegio Oficial de Médicos de Zaragoza - ES	3681	08/05/2018	Servicios(Menor)	CULMENOR133-18
Concierto Participativo Singerhood, S.L.	Zaragoza Cultural	B87759536	Singerhood, S.L. - ES	3341	08/05/2018	Servicios(Menor)	CULMENOR134-18
Actuación Cía. Nostraxladamus	Zaragoza Cultural	G22287478	Asociación Murcielagox - ES	4000	03/05/2018	Otros(Menor)	CULMENOR77-18
Coorganización Nexo: Sonido, Música y Tecnologia	Zaragoza Cultural	B99401093	Grupo Formativo Expresate, S.L. - ES	3750	03/05/2018	Otros(Menor)	CULMENOR79-18
Modificación del cuadro de motores para las lámparas de la Sala Mozart instalado en el Auditorio de Zaragoza	Zaragoza Cultural	Datos de caracter personal	PROSS AUTOMATICA	4750	27/04/2018	Servicios(Menor)	CULMENOR02-18
Mantenimiento preventivo anual de motores y poliapastos instalados en el Auditorio de Zaragoza	Zaragoza Cultural	A28870277	GESTION DE ESPACIOS CULTURALES Y DE OCIO, SA	4750	27/04/2018	Suministros(Menor)	CULMENOR09-18
Festival fin curso Escuela Danza Arantxa Argüelles	Zaragoza Cultural	Datos de caracter personal	Argüelles Marco, Arantxa - ES	4239	19/04/2018	Servicios(Menor)	CULMENOR132-18
Festival Fin curso Escuela Danza María de Avila	Zaragoza Cultural	Datos de caracter personal	Garcia Gomez, Dolores - ES	4239	19/04/2018	Otros(Menor)	CULMENOR131-18
Concierto Pablo López	Zaragoza Cultural	B99072399	Eventos MPH Directo, S.L. - ES	3080	17/04/2018	Servicios(Menor)	CULMENOR130-18
Asamblea de Circuito de Testigos de Jehová	Zaragoza Cultural	R2800029G	Testigos Cristianos de Jehová - ES	6430	13/04/2018	Servicios(Menor)	CULMENOR129-18
"Coorganización XII Encuentro Nacional Payasos ""Entrepayasaos"""	Zaragoza Cultural	G99086613	Asociación Encuentra Encuentros - ES	3500	13/04/2018	Otros(Menor)	CULMENOR76-18
Coorganización XI Encuentro Malabares y Artistas de Circo	Zaragoza Cultural	G50508753	Asoc. Malabaristas Zaragoza-AMZ Creando Circo - ES	9300	13/04/2018	Otros(Menor)	CULMENOR75-18
Coorganización VII Festival Circo Social de Zaragoza	Zaragoza Cultural	G99481285	A.C. Escuela Circo Social de Zaragoza - ES	9000	13/04/2018	Otros(Menor)	CULMENOR74-18
Suministro de pólvora para la recreación histórica en Parque Tio Jorge abril 2018	Zaragoza Cultural	B22047088	Claver e Hijos, S.L.	4976	10/04/2018	Suministros(Menor)	CULMENOR08-18
Suministro de servicio de catering para la recreación histórica en Parque Tio Jorge abril 2018	Zaragoza Cultural	B99420770	EVENTOS QUININ	9290	09/04/2018	Suministros(Menor)	CULMENOR07-18
Impresión del catálogo de la exposición de Carmelo Rebullida en La Lonja	Zaragoza Cultural	B50325950	CALIDAD-GRAFICA-SL	3072	03/04/2018	Suministros(Menor)	CULMENOR06-18
XXXII Feria de Andalucia en Zaragoza	Zaragoza Cultural	G50043082	Casa de Andalucia en Zaragoza - ES	4974	02/04/2018	Servicios(Menor)	CULMENOR128-18
Concierto Gabriela Montero- Temp. Solistas	Zaragoza Cultural	B86936929	Asian Music, S.L. - ES	5100	01/04/2018	Otros(Menor)	CULMENOR127-18
Celebración XIII Muestra internacional Zinentiendo	Zaragoza Cultural	G50971647	Asociación Towanda por la diversidad afectivo sexual - ES	6000	27/03/2018	Otros(Menor)	CULMENOR119-18
Celebración exposición Expolio	Zaragoza Cultural	Datos de caracter personal	Prat Molet Judith - ES	3300	27/03/2018	Otros(Menor)	CULMENOR116-18
Celebración exposición 1968. El fuego de las ideas	Zaragoza Cultural	G85598928	Fundación Contemporánea - ES	15000	27/03/2018	Otros(Menor)	CULMENOR115-18
Celebración exposición Right me	Zaragoza Cultural	Datos de caracter personal	Recio Parra, Arantxa - ES	2178	27/03/2018	Otros(Menor)	CULMENOR114-18
Celebración exposición los sonidos de la imagen	Zaragoza Cultural	Datos de caracter personal	Vergara Miravete, Angel - ES	6700	27/03/2018	Otros(Menor)	CULMENOR113-18
Concierto Orquesta Reino de Aragón y Coro Amici Musicae . CIM	Zaragoza Cultural	B99469298	Gesmar Servicios Culturales, S.L. - ES	12000	25/03/2018	Otros(Menor)	CULMENOR126-18
Reistencia Rock Festival	Zaragoza Cultural	J99516452	JJK Pro, S.C. - ES	5319	23/03/2018	Servicios(Menor)	CULMENOR125-18
Master Class y concierto Lynbrook High	Zaragoza Cultural	NL8084284	- Wens Travel B.V. - NL	5338	23/03/2018	Servicios(Menor)	CULMENOR124-18
Celebración exposición Una ciudad en la crisálida	Zaragoza Cultural	Datos de caracter personal	Lucea Valero, Beatriz - ES	11200	19/03/2018	Otros(Menor)	CULMENOR112-18
Coorganización Festival Slap! Indoor 2018	Zaragoza Cultural	Datos de caracter personal	Dominguez Gracia, Victor - ES	10988	15/03/2018	Otros(Menor)	CULMENOR70-18
Concierto Orquesta Reino de Aragón (opera Carmen)	Zaragoza Cultural	B99469298	Gesmar Servicios Culturales, S.L. - ES	3202	09/03/2018	Servicios(Menor)	CULMENOR122-18
Feria de la Vivienda	Zaragoza Cultural	B50988906	Zesis, s.l. - ES	13055	09/03/2018	Servicios(Menor)	CULMENOR123-18
Suministro de un interacumulador para ACS en el espacio designado del Auditorio de Zaragoza.	Zaragoza Cultural	A80241789	FERROVIAL SERVICIOS SA	3895	26/02/2018	Suministros(Menor)	CULMENOR04-18
"Servicio en régimen de alquiler de material de iluminación, video y personal técnico para la actividad ""Ópera Cármen"""	Zaragoza Cultural	B22156194	RAMPA HUESCA S.L.	4100	26/02/2018	Servicios(Menor)	CULMENOR05-18
Asistencia técnica a la Mesa de Coordinación y a las Mesas Sectoriales	Zaragoza Cultural	B993604685	AD HOC GESTIÓN CULTURAL S. L.	12800	19/02/2018	Servicios(Menor)	CULMENOR01-18
SERVICIO ALQUILER CONTENEDORES PISL	Zaragoza Vivienda	A50023910	TRANSPORTES  BUERA SANCHO, S.A.	1700	03/12/2018	Servicios(Menor)	VIVMENOR47-18
SUMINISTRO DE CAMISETAS TÉCNICAS DEPORTIVAS PARA REPRESENTAR A ZARAGOZA VIVIENDA EN LA CARRERA DE EMPRESA CONVOCADA POR ESIC	Zaragoza Vivienda	B50209154	G.M.P. PUBLICIDAD 	130	30/11/2018	Suministros(Menor)	VIVMENOR53-18
SUMINISTRO DE MOBILIARIO PARA PISOS COMPARTIDOS DENTRO DEL CONVENIO CON EL INJUVE DESTINADO A FAVORECER LA AUTONOMÍA DE JÓVENES EN ALOJAMIENTO TEMPORAL	Zaragoza Vivienda	B25071689	HIPOPÓTAMO EUROPA S.L.	3151	21/11/2018	Suministros(Menor)	VIVMENOR43-18
SUMINISTRO DE LONA INFORMATIVA DE OBRAS DE REHABILITACIÓN ENERGÉTICA QUE HAN RECIBIDO AYUDAS DE LA SOCIEDAD MUNICIPAL ZARAGOZA VIVIENDA S.L.U.	Zaragoza Vivienda	B50209154	G.M.P. PUBLICIDAD 	640	07/11/2018	Suministros(Menor)	VIVMENOR42-18
SUMINISTRO DE DESTRUCTORA DE PAPEL PARA ÁREA ECONÓMICO FINANCIERA	Zaragoza Vivienda	B99474421	 OFIGOYA, S.L.	90	06/11/2018	Suministros(Menor)	VIVMENOR46-18
SUMINISTRO DE CALZADO DE SEGURIDAD PARA TRABAJADORES DE LA SOCIEDAD MUNICIPAL ZARAGOZA VIVIENDA S.L.U.	Zaragoza Vivienda	B50139526	FERRETERÍA COMERCIAL VIŃAS S.L.	140	18/10/2018	Suministros(Menor)	VIVMENOR40-18
SERVICIO DE CONEXIÓN WIFI DE 12 VIVIENDAS PROPIEDAD DE LA SOCIEDAD MUNICIPAL ZARAGOZA VIVIENDA, S.L.U.	Zaragoza Vivienda	B85033470	PEPEMOBILE, S.L.	4117	17/10/2018	Servicios(Menor)	VIVMENOR38-18
 Suministro de muebles de cocina y material accesorio para las actuaciones a realizar en viviendas propiedad de Zaragoza Vivienda S.L.U	Zaragoza Vivienda	F50636877	SUCESORES CASA MARTÍNEZ, S.C.L.	14399	15/10/2018	Suministros(Menor)	VIVMENORS20-18
SERVICIO DE REPARACIÓN EQUIPO MULTIFUNCIONAL KONICA MINOLTA BH227	Zaragoza Vivienda	B50098664	ARAMAC, SL.	289	10/10/2018	Servicios(Menor)	VIVMENOR33-18
SUMINISTRO DE UN TERMINAL DE TELEFONÍA MÓVIL CON PROTECTOR DE PANTALLA PARA USO CORPORATIVO	Zaragoza Vivienda	A62348131	MEDIA MARKT ZARAGOZA	123	17/09/2018	Suministros(Menor)	VIVMENOR30-18
SERVICIOS DE ASISTENCIA TÉCNICA PARA LA REDACCIÓN DE LA AUDITORÍA ENERGÉTICA, MODELADO Y SIMULACIONES COMPLEMENTARIAS DEL EDIFICIO SITO EN C/ MAESTRO TELLERÍA 12-20 DE LA CIUDAD DE ZARAGOZA.	Zaragoza Vivienda	FR40413939620	EUROQUALITY SARL	3000	03/09/2018	Servicios(Menor)	VIVMENOR25-18
Suministro de mobiliario de oficina con destino a la Sociedad Municipal Zaragoza Vivienda, S.L.U 	Zaragoza Vivienda	B99263907	TORRES EQUIPAMIENTOS DE OFICINAS, S.L.	2727	11/06/2018	Suministros(Menor)	VIVMENOR14-18
SUMINISTRO DE PINTURA REFLEXIVA AISLANTE PARA EXTERIORES, PARA SU USO EN EDIFICIOS PROPIEDAD DE ZARAGOZA VIVIENDA.	Zaragoza Vivienda	DE215468195	MATERIAL INNOVATIVE GESELLSCHAFT MBH	4893	31/05/2018	Suministros(Menor)	VIVMENOR29-18
"Servicios de publicidad de la campańa ""Alegra tu vivienda"" de Zaragoza Vivienda, S.L.U. "	Zaragoza Vivienda	B50808864	GRÁFICAS PELLICER, S.L.	1025	23/05/2018	Servicios(Menor)	VIVMENOR11-18
SERVICIO POSTAL DE RECOGIDA, TRATAMIENTO, ADMISIÓN, CLASIFICACIÓN, CURSO, TRANSPORTE, DISTRIBUCIÓN Y ENTREGA DE SU CORRESPONDENCIA ORDINARIA Y CERTIFICADA	Zaragoza Vivienda	Q2870002I	CORREOS (GRUPO SEPI)	15000	26/03/2018	Servicios(Menor)	VIVMENOR6-18
Servicio de elaboración de un programa de dinamización de actividades participativas en torno al proyecto” Azoteas Verdes” 	Zaragoza Vivienda	G99497406	EL GANCHILLO SOCIAL	12000	23/03/2018	Servicios(Menor)	VIVMENOR1-18
Suministro de siete extintores de 5 Kg de CO2 y un extintor de 6 Kg de polvo, para reposición en edificios propiedad o gestionados por Sociedad Municipal Zaragoza Vivienda, S.L.U.	Zaragoza Vivienda	B50574284	OASYS GROUP PCI, S.L.	317	27/02/2018	Suministros(Menor)	VIVMENORS9-18
VIGILANCIA DE LA SALUD DEL PERSONAL DEL PATRONATO	Educación y Bibliotecas	B99083404	MAS PREVENCIÓN SERVICIO DE PREVENCION, S.L.U.	9893	13/12/2018	Servicios(Menor)	EDUMENOR05-18
SUSCRIPCION AL DIARIO EL PERIODICO DE ARAGON	Educación y Bibliotecas	A50361641	PRENSA DIARIA ARAGONESA S.A.	4700	16/11/2018	Suministros(Menor)	EDUMENOR06-18
MANTENIMIENTO APLICACION DE CONTABILIDAD	Educación y Bibliotecas	B50658046	IA SOFT ARAGÓN S.L.	3270	20/06/2018	Servicios(Menor)	EDUMENOR04-18
Formación de personal de las secciones de Escuelas Infantiles y Universidad Popular. (En único lote)	Educación y Bibliotecas	B50791722	CONSULTORES M&TT, S.L.	10920	28/05/2018	Servicios(Menor)	EDUMENOR03-18
SUSCRIPCIONES AL PERIODICO HERALDO DE ARAGON	Educación y Bibliotecas	B99288763	HERALDO DE ARAGÓN EDITORA, S.L.U.	11899	08/05/2018	Suministros(Menor)	EDUMENOR02-18
Vestuario: ropa de trabajo para el personal de las Escuelas Infantiles Municipales de Zaragoza	Educación y Bibliotecas	B86241759	EUREDA TEXTIL, S.L.	3300	18/04/2018	Servicios(Menor)	EDUMENOR01-18
CONTRATACIÓN PARA EL DESARROLLO DE UNA MARCA TURÍSTICA DE ZARAGOZA, ALINEADA A LOS OBJETIVOS DEL PLAN ESTRATÉGICO DE ZARAGOZA TURISMO, ASÍ COMO PARA LA ELABORACIÓN DE UN MANUAL DE IDENTIDAD CORPORATIV	Zaragoza Turismo	Datos de caracter personal	OSCAR GARCES OLOZAGARRE (LA MANO Y LA LUNA) 	14144	27/11/2018	Servicios(Menor)	TURMEN13-18
SERVICIO CAMPAŃA PUBLICITARIA DE ZARAGOZA COMO DESTINO EN REVISTA TURISTICA	Zaragoza Turismo	A81839219	VOCENTO	7000	09/11/2018	Servicios(Menor)	TURMENOR16-18
CONTRATACIÓN DE LA PRESTACIÓN DEL SERVICIO DE PLANIFICACIÓN, MEDIACIÓN, CONTRATACIÓN DE ESPACIOS, INSERCIÓN Y POSTERIOR SEGUIMIENTO DE UNA CAMPAŃA DE PUBLICIDAD ONLINE DIRIGIDA A FRANCIA, REINO UNIDO,	Zaragoza Turismo	B87234555	MEDIATALENT	13140	08/11/2018	Servicios(Menor)	TURMENOR10-18
CONTRATACIÓN DE LA PRESTACIÓN DEL SERVICIO DE PLANIFICACIÓN, MEDIACIÓN, CONTRATACIÓN DE ESPACIOS, INSERCIÓN Y POSTERIOR SEGUIMIENTO DE UNA CAMPAŃA DE PUBLICIDAD ONLINE DIRIGIDA A LAS CIUDADES DE SEVIL	Zaragoza Turismo	B87234555	MEDIATALENT	11475	08/11/2018	Servicios(Menor)	TURMENOR12-18
CONTRATACIÓN DE LA PRESTACIÓN DEL SERVICIO DE PLANIFICACIÓN, MEDIACIÓN, CONTRATACIÓN DE ESPACIOS, INSERCIÓN Y POSTERIOR SEGUIMIENTO DE UNA CAMPAŃA DE PUBLICIDAD ONLINE DIRIGIDA A LA COMUNIDAD AUTÓNOMA	Zaragoza Turismo	B87234555	MEDIATALENT	11685	08/11/2018	Servicios(Menor)	TURMENOR11-18
SERVICIO CAMPAŃA CO-MARKETING ONLINE MERCADO BELGA EN ZARAGOZA	Zaragoza Turismo	W0071513F	RYANNAIR DAC	14990	07/11/2018	Servicios(Menor)	TURMENOR15-18
SERVICO DE PROMOCION Y PUBLICIDAD EN PROGRAMA DE RADIO	Zaragoza Turismo	A50043777	CADENA SER	6150	06/11/2018	Servicios(Menor)	TURMENOR14-18
SERVICIO PUBLICIDAD ZARAGOZA EN REVISTA TURISTICA DIGITAL	Zaragoza Turismo	B65749715	DISPLAY CONNECTORS S.L.	12000	30/08/2018	Servicios(Menor)	TURMENOR09-18
SERVICIO CAMPAŃA PUBLICITARIA ZARAGOZA EN REVISTA EL PAIS SEMANAL	Zaragoza Turismo	B85635910	EDICIONES EL PAIS S.L.	14800	31/07/2018	Servicios(Menor)	TURMENOR08-18
SERVICIO PRESENTACION ZARAGOZA CONGRESOS COMO DESTINO DE EVENTOS	Zaragoza Turismo	G87228508	ASOC. AGENCIAS VIAJES ESPAŃOLAS ASOCIADAS	5000	23/05/2018	Servicios(Menor)	TURMENOR07-18
Prestación de los servicios necesarios en concepto de asistencia técnica a las acciones de investigación y comercialización de Zaragoza Convention Bureau de Zaragoza Turismo.	Zaragoza Turismo	B99254302	SERVICIOS AUXILIARES ZARAGOZA S.L.	14883	16/05/2018	Servicios(Menor)	TURMEN05-18
SERVICIO DE PROMOCION DE LA MARCA ZARAGOZA IS BIKE 2018	Zaragoza Turismo	A79564472	tomek	8000	04/05/2018	Servicios(Menor)	TURMEN06-18
SERVICIO DE PROMOCION Y PUBLICIDAD DE LA SEMANA SANTA DE ZARAGOZA EN PROGRAMA DE RADIO	Zaragoza Turismo	A28281368	CADENA COPE	6000	22/03/2018	Servicios(Menor)	TURMENOR04-18
Vinilación de los tres autobuses turísticos utilizados por Zaragoza Turismo	Zaragoza Turismo	B50065127	De Sola S.L. Servicios gráficos	12000	15/02/2018	Servicios(Menor)	TURMENOR03-18
Servicio de seguridad del Palacio de la Real Maestranza de Caballería de Zaragoza, durante el periodo de visitas guiadas 2018	Zaragoza Turismo	A61562898	ASTRA SISTEMAS S.A. 	7600	23/01/2018	Servicios(Menor)	TURMENOR02-18
Prestación de los servicios necesarios en concepto de asistencia técnica a las acciones de promoción y receptivo de Zaragoza Convention Bureau de Zaragoza Turismo.	Zaragoza Turismo	B99254302	SERVICIOS AUXILIARES ZARAGOZA S.L.	17873	22/01/2018	Servicios(Menor)	TURMENOR01-18
Contrato de alquiler de las instalaciones y servicios del Pabellón Príncipe Felipe de Zaragoza para la celebración del concierto YO TAMBIÉN FUI A EGB, el día 15 de diciembre de 2018	Zaragoza Deporte	B87192498	2M GROUP EVENTOS, S.L. 	10200	26/11/2018	Servicios(Menor)	DEPMIN1016-18
Contrato de alquiler de las instalaciones y servicios del Pabellón Príncipe Felipe de Zaragoza para la celebración del XLIV Concurso de Exaltación de Instrumentos Tradicionales de la Semana Santa de Zaragoza, los días 6 y 7 de abril de 2019	Zaragoza Deporte	V50217637	JUNTA COORDINADORA DE COFRADÍAS DE SEMANA SANTA DE ZARAGOZA 	4680	09/11/2018	Servicios(Menor)	DEPMIN1015-18
Contrato de alquiler de las instalaciones y servicios del Pabellón Príncipe Felipe de Zaragoza para la celebración del concierto de LOQUILLO Rock and Roll Actitud 2018, el día 1 de diciembre de 2018	Zaragoza Deporte	B23601446	Riff Producciones, S.L. - ES	4850	07/11/2018	Servicios(Menor)	DEPMIN1014-18
Contrato de alquiler de las instalaciones y servicios del Pabellón Príncipe Felipe de Zaragoza para la celebración del concierto de MALÚ Oxígeno Tour, el día 24 de noviembre de 2018	Zaragoza Deporte	B23601446	Riff Producciones, S.L. - ES	5150	15/10/2018	Servicios(Menor)	DEPMIN1013-18
Contrato de alquiler de las instalaciones y servicios del Pabellón Príncipe Felipe de Zaragoza para la celebración del espectáculo LA VIDA MODERNA, el día 14 de diciembre de 2018	Zaragoza Deporte	B62835301	MANAGEMENT I PRODUCCIONS CULTURALS, S.L. 	13370	10/10/2018	Servicios(Menor)	DEPMIN1012-18
Contrato de alquiler de las instalaciones y servicios del Pabellón Príncipe Felipe de Zaragoza para la celebración del concierto de MANOLO GARCÍA Geometría del Rayo, el día 13 de octubre de 2018	Zaragoza Deporte	B99072399	Eventos MPH Directo, S.L. - ES	7300	20/09/2018	Servicios(Menor)	DEPMIN1010-18
Contrato de alquiler de las instalaciones y servicios del Pabellón Príncipe Felipe de Zaragoza para la celebración del espectáculo de FREESTYLE, el día 17 de noviembre de 2018	Zaragoza Deporte	B67176206	DURGA MISSION, S.L. 	4450	10/09/2018	Servicios(Menor)	DEPMIN109-18
Contrato de alquiler de las instalaciones y servicios del Pabellón Príncipe Felipe de Zaragoza para la celebración del concierto de DANI MARTÍN Grandes éxitos y pequeńos desastres, el día 11 de octubre de 2018	Zaragoza Deporte	B99052409	Borina Producciones, s.l. - ES	7600	04/09/2018	Servicios(Menor)	DEPMIN108-18
Contrato de alquiler de las instalaciones y servicios del Pabellón Príncipe Felipe de Zaragoza para la celebración del concierto de PABLO LÓPEZ  Santa Libertad, el día 29 de diciembre de 2018	Zaragoza Deporte	B99072399	Eventos MPH Directo, S.L. - ES	5200	21/06/2018	Servicios(Menor)	DEPMIN107-18
Contrato de alquiler de las instalaciones y servicios del Pabellón Príncipe Felipe de Zaragoza para la celebración del concierto de RAPHAEL Loco por Cantar, el día 29 de septiembre de 2018	Zaragoza Deporte	B99072399	Eventos MPH Directo, S.L. - ES	5200	21/06/2018	Servicios(Menor)	DEPMIN105-18
Contrato de alquiler de las instalaciones y servicios del Pabellón Príncipe Felipe de Zaragoza para la celebración del Acto de culto religioso de TESTIGOS CRISTIANOS DE JEHOVÁ, los días 6, 7 y 8 de julio de 2018	Zaragoza Deporte	R2800029G	Testigos Cristianos de Jehová - ES	12378	04/06/2018	Servicios(Menor)	DEPMIN104-18
Contrato de Patrocinio deportivo publicitario en la celebración de XXXV Milla Delicias Ibercaja-Ciudad de Zaragoza 2018	Zaragoza Deporte	A28017895	EL CORTE INGLÉS, S.A.	8264	24/05/2018	Otros(Menor)	DEPMIN1024-18
Contrato de Patrocinio para la celebración del evento deportivo CAIXABANK 10 K Zaragoza, el día 27 de mayo de 2018,	Zaragoza Deporte	A08663619	CAIXABANK, S.A.	6500	07/05/2018	Otros(Menor)	DEPMIN1021-18
Contrato de Patrocinio publicitario deportivo para la celebración de la prueba deportiva UEFA FUTSAL CUP 2018, los días 20 y 22 de abril de 2018	Zaragoza Deporte	B99288763	HERALDO DE ARAGÓN EDITORA, S.L.U.	6735	19/04/2018	Otros(Menor)	DEPMIN1020-18
Servicios para el mantenimiento y conservación anual de Instalaciones Deportivas Elementales de Street Workout de la ciudad de Zaragoza	Zaragoza Deporte	B99355224	AGAPITO URBAN INDUSTRIES, S.L.	15840	11/04/2018	Servicios(Menor)	DEPMIN08-18
Desmontaje de las porterías antiguas existentes en la I.D.E., su traslado al punto limpio más próximo y el suministro e instalación de porterías antivandálicas de balonmano/futbol-sala	Zaragoza Deporte	B50798644	EURONIX METAL, S.L. 	18000	06/04/2018	Suministros(Menor)	DEPMIN04-18
Servicios de mantenimiento, almacenaje, transporte, instalación, supervisión, colocación y desmontaje de dos arcos de meta hinchables en los eventos deportivos que determine Zaragoza Deporte Municipal	Zaragoza Deporte	B99265282	PLANTAE ARAGON S.L.	17000	27/03/2018	Servicios(Menor)	DEPMIN02-18
Suministro e instalación de estacionamientos de bicicletas en la ciudad de Zaragoza, 2018	Zaragoza Deporte	A78015880	API MOVILIDAD, S.A	18000	26/03/2018	Suministros(Menor)	DEPMIN03-18
Contrato de alquiler de las instalaciones y servicios del Pabellón Príncipe Felipe de Zaragoza para la celebración del concierto de FITO Y FITIPALDIS 20 Aniversario Gira 2018, el día 13 de abril de 2018	Zaragoza Deporte	B23601446	Riff Producciones, S.L. - ES	13070	09/03/2018	Servicios(Menor)	DEPMIN101-18
Contrato de difusión publicitaria estática en el Pabellón Príncipe Felipe de Zaragoza	Zaragoza Deporte	A50002955	LA ZARAGOZANA, S.A. 	11300	04/01/2018	Otros(Menor)	DEPMIN1017-18
Sustitución del servidor exchange	ZGZ @ Desarrollo Expo, S.A., en liquidación	B50883792	CALAT Sistemas y Comunicaciones, S.L.	9982	28/02/2018	Servicios(Menor)	EXPOMENOR01-18
Suministro e instalación de los sistemas de seguridad en las puertas de la nave de filtros de la Planta de recuperación de agua de la potabilizadora de Zaragoza	Ecociudad	B50065713	ARAMÁTICA,. PUERTAS INDUSTRIALES	6008	09/11/2018	Suministros(Menor)	ECOMEN-2501814
Redacción del proyecto de derribo de la estructura actual de polipasto en la EDAR la Almozara, redacción del proyecto constructivo para la instalación de un nuevo puente grúa y dirección facultativa y	Ecociudad	B99450777	EXTREMERA LED ASOCIADOS SLU	5348	03/10/2018	Suministros(Menor)	ECOMENOR-2501813
SUMINISTRO E INSTALACIÓN DE DIVERSO MOBILIARIO DE OFICINA Y EQUIPOS INFORMÁTICOS	Ecociudad	B50570571	GRUPO SOLITIUM S.L	3792	23/07/2018	Suministros(Menor)	ECOMENOR-2501811
SUMINISTRO E INSTALACIÓN DE DIVERSO MOBILIARIO DE OFICINA Y EQUIPOS INFORMÁTICOS	Ecociudad	B99220915	BALLAROL OFICINAS S.L.L.	3661	23/07/2018	Suministros(Menor)	ECOMENOR-2501811
Suministro e instalación de diverso mobiliario de oficina en la EDAR Almozara	Ecociudad	B86048923	MOMO-ART INTERIORISMO SL	10431	13/07/2018	Suministros(Menor)	ECOMENOR-2018321
Colocación de nuevos puntos de red, voz y tomas eléctricas en las oficinas de la sociedad municipal Ecociudad Zaragoza S.A.U., sitas en Vía Hispanidad 20.	Ecociudad	A50315886	GOTOR COMUNICACIONES SA	5463	14/06/2018	Servicios(Menor)	ECOMENOR-2501806
"Alquiler, montaje, desmontaje y retirada de una caseta de vestuario completo (lavabo, inodoro, ducha y taquilla) para la estación de aguas residuales ""la Almozara"""	Ecociudad	B31555915	NUEVO SISTEMA MODULAR SL	5976	24/05/2018	Suministros(Menor)	ECOMENOR-2018317
